TRUNCATE TABLE public.problems CASCADE;
TRUNCATE TABLE public.patterns CASCADE;
TRUNCATE TABLE public.topics CASCADE;

INSERT INTO public.topics (id, name, slug, order_index) VALUES ('8f358de5-0763-4c04-803c-b03d23ae2abc', 'Array', 'array', 1);
INSERT INTO public.topics (id, name, slug, order_index) VALUES ('1b4990e4-e826-4c64-ade1-13f6aa01fd03', 'Strings', 'strings', 2);
INSERT INTO public.topics (id, name, slug, order_index) VALUES ('92db116c-f4af-4a1a-bb0f-ea458ecc2d1a', 'Binary Search', 'binary-search', 3);
INSERT INTO public.topics (id, name, slug, order_index) VALUES ('947a8e4a-412a-42a1-bbf6-75a2f9036707', 'Stack', 'stack', 4);
INSERT INTO public.topics (id, name, slug, order_index) VALUES ('76ffd4b5-abb4-4c61-8099-153701e3dc46', 'Recursion', 'recursion', 5);
INSERT INTO public.topics (id, name, slug, order_index) VALUES ('e87d3a7e-2e7b-4456-bfa6-e67b183f573c', 'Linked List', 'linked-list', 6);
INSERT INTO public.topics (id, name, slug, order_index) VALUES ('11c96b98-af81-4fb9-8352-d4e569f0f36e', 'Double Linked List', 'double-linked-list', 7);
INSERT INTO public.topics (id, name, slug, order_index) VALUES ('9c94efcd-86a5-4720-b53f-333c55686aad', 'HashMap', 'hashmap', 8);
INSERT INTO public.topics (id, name, slug, order_index) VALUES ('555e06e3-4c3d-4ac1-a8e2-a9f90050974a', 'Heap', 'heap', 9);
INSERT INTO public.topics (id, name, slug, order_index) VALUES ('f8875b35-905f-4c37-8f2d-ff9bff19055c', 'Tree', 'tree', 10);
INSERT INTO public.topics (id, name, slug, order_index) VALUES ('3b00f343-55e3-428c-8bc2-359506700c24', 'Binary Search Tree', 'binary-search-tree', 11);
INSERT INTO public.topics (id, name, slug, order_index) VALUES ('4e9f2402-a857-43f1-a4a4-5167352e25b2', 'Graph', 'graph', 12);
INSERT INTO public.topics (id, name, slug, order_index) VALUES ('eff98d81-8e3e-44aa-b7d6-ebb67b936f57', 'Backtracking', 'backtracking', 13);
INSERT INTO public.topics (id, name, slug, order_index) VALUES ('5837fe96-645e-41ae-8ff8-a5c4159b9ad8', 'Greedy', 'greedy', 14);
INSERT INTO public.topics (id, name, slug, order_index) VALUES ('6859d2b0-9abb-42d8-8634-0b93536372fa', 'Dynamic Programming', 'dynamic-programming', 15);
INSERT INTO public.topics (id, name, slug, order_index) VALUES ('0ca38a41-dd28-4441-b011-f8e253891bf9', 'Trie', 'trie', 16);
INSERT INTO public.topics (id, name, slug, order_index) VALUES ('8086f261-e774-4d34-b43b-c8cba44a194e', 'Bit Manipulation', 'bit-manipulation', 17);

INSERT INTO public.patterns (id, topic_id, name, slug, order_index) VALUES ('384d3ae3-aa43-42f2-93c9-5afb14f3aaaf', '8f358de5-0763-4c04-803c-b03d23ae2abc', 'Two-Pointer', 'two-pointer', 1);
INSERT INTO public.patterns (id, topic_id, name, slug, order_index) VALUES ('dfbf31d5-911f-4944-9f25-ac28fd4e61ea', '8f358de5-0763-4c04-803c-b03d23ae2abc', 'Sliding Window', 'sliding-window', 2);
INSERT INTO public.patterns (id, topic_id, name, slug, order_index) VALUES ('69ac47fe-0c38-466f-a688-68c3acf8bc0d', '8f358de5-0763-4c04-803c-b03d23ae2abc', 'Prefix Sum', 'prefix-sum', 3);
INSERT INTO public.patterns (id, topic_id, name, slug, order_index) VALUES ('dc1c36ec-cb6a-440f-9dea-b109d6094697', '8f358de5-0763-4c04-803c-b03d23ae2abc', 'Kadane’s Algorithm', 'kadanes-algorithm', 4);
INSERT INTO public.patterns (id, topic_id, name, slug, order_index) VALUES ('827430f5-4dcf-4536-b7aa-1506bee216a7', '1b4990e4-e826-4c64-ade1-13f6aa01fd03', 'Two-Pointer (Palindrome)', 'two-pointer-palindrome', 1);
INSERT INTO public.patterns (id, topic_id, name, slug, order_index) VALUES ('bb45c6ac-22c6-4c21-b100-4bbb5e6aab4b', '1b4990e4-e826-4c64-ade1-13f6aa01fd03', 'Sliding Window (String)', 'sliding-window-string', 2);
INSERT INTO public.patterns (id, topic_id, name, slug, order_index) VALUES ('a736aa65-8eba-4587-9526-a8a0685a3b18', '92db116c-f4af-4a1a-bb0f-ea458ecc2d1a', 'Classic Binary Search', 'classic-binary-search', 1);
INSERT INTO public.patterns (id, topic_id, name, slug, order_index) VALUES ('c627a4dd-5b19-4d82-b0b7-a2cbcb674a1f', '92db116c-f4af-4a1a-bb0f-ea458ecc2d1a', 'Lower / Upper Bound', 'lower-upper-bound', 2);
INSERT INTO public.patterns (id, topic_id, name, slug, order_index) VALUES ('1b6ea7c3-6d57-427d-b8c1-0a45c09e1514', '92db116c-f4af-4a1a-bb0f-ea458ecc2d1a', 'Binary Search on Answers', 'binary-search-on-answers', 3);
INSERT INTO public.patterns (id, topic_id, name, slug, order_index) VALUES ('6ec10d55-ca73-45f2-bdab-954ae7d9abe4', '92db116c-f4af-4a1a-bb0f-ea458ecc2d1a', 'Search in 2D Matrix', 'search-in-2d-matrix', 4);
INSERT INTO public.patterns (id, topic_id, name, slug, order_index) VALUES ('7843bdba-5d8b-48ed-8c99-3245c66ac416', '947a8e4a-412a-42a1-bbf6-75a2f9036707', 'Monotonic Stack', 'monotonic-stack', 1);
INSERT INTO public.patterns (id, topic_id, name, slug, order_index) VALUES ('ebe6999d-9ef8-4eca-8e29-e60724a905b7', '947a8e4a-412a-42a1-bbf6-75a2f9036707', 'Expression Evaluation', 'expression-evaluation', 2);
INSERT INTO public.patterns (id, topic_id, name, slug, order_index) VALUES ('bb0f6ae3-9d7e-479d-b944-e99b36fd3e47', '947a8e4a-412a-42a1-bbf6-75a2f9036707', 'Stack Simulation / Undo Operation', 'stack-simulation-undo-operation', 3);
INSERT INTO public.patterns (id, topic_id, name, slug, order_index) VALUES ('4f162996-8fba-4d73-80c3-f35e8887d9e8', '947a8e4a-412a-42a1-bbf6-75a2f9036707', 'Parenthesis & Scoring', 'parenthesis-scoring', 4);
INSERT INTO public.patterns (id, topic_id, name, slug, order_index) VALUES ('99b48e64-ba75-409c-a507-d96cece0a83b', '947a8e4a-412a-42a1-bbf6-75a2f9036707', 'Stack-Based Design', 'stack-based-design', 5);
INSERT INTO public.patterns (id, topic_id, name, slug, order_index) VALUES ('0ba0d4c9-c793-4cea-adc4-35fc3c097723', '947a8e4a-412a-42a1-bbf6-75a2f9036707', 'Stack + Greedy', 'stack-greedy', 6);
INSERT INTO public.patterns (id, topic_id, name, slug, order_index) VALUES ('95c20f6a-6b6b-4c1e-9371-07ae4fb9465d', '947a8e4a-412a-42a1-bbf6-75a2f9036707', 'Recursive Stack', 'recursive-stack', 7);
INSERT INTO public.patterns (id, topic_id, name, slug, order_index) VALUES ('4fe1451b-0cb0-4aa6-9426-62a571aad20b', '76ffd4b5-abb4-4c61-8099-153701e3dc46', 'Linear Recursion', 'linear-recursion', 1);
INSERT INTO public.patterns (id, topic_id, name, slug, order_index) VALUES ('a89e02f2-7d66-4cc8-9514-df6e5b7065a2', '76ffd4b5-abb4-4c61-8099-153701e3dc46', 'Non-Linear Recursion', 'non-linear-recursion', 2);
INSERT INTO public.patterns (id, topic_id, name, slug, order_index) VALUES ('d203a7ee-b8c9-4284-a685-390fc55445b1', '76ffd4b5-abb4-4c61-8099-153701e3dc46', 'Divide & Conquer', 'divide-conquer', 3);
INSERT INTO public.patterns (id, topic_id, name, slug, order_index) VALUES ('2a795da7-d154-4d1e-8ff7-6e429a216e52', '76ffd4b5-abb4-4c61-8099-153701e3dc46', 'Recursion on LinkedList/Stack', 'recursion-on-linkedliststack', 4);
INSERT INTO public.patterns (id, topic_id, name, slug, order_index) VALUES ('73b5a057-d478-4096-8784-f872fd0d2312', '76ffd4b5-abb4-4c61-8099-153701e3dc46', 'Subsequences', 'subsequences', 5);
INSERT INTO public.patterns (id, topic_id, name, slug, order_index) VALUES ('c01a9261-1dfc-45e5-91cc-4026b38fde6a', 'e87d3a7e-2e7b-4456-bfa6-e67b183f573c', 'Basic Operations', 'basic-operations', 1);
INSERT INTO public.patterns (id, topic_id, name, slug, order_index) VALUES ('4ca3ccb7-5360-4c3b-a044-a1a900ba1c73', 'e87d3a7e-2e7b-4456-bfa6-e67b183f573c', 'Fast and Slow Pointers', 'fast-and-slow-pointers', 2);
INSERT INTO public.patterns (id, topic_id, name, slug, order_index) VALUES ('cab6e356-fe7b-489e-92f2-e2c15772fe1d', 'e87d3a7e-2e7b-4456-bfa6-e67b183f573c', 'Reversal Pattern', 'reversal-pattern', 3);
INSERT INTO public.patterns (id, topic_id, name, slug, order_index) VALUES ('0d95698d-a998-45fa-8cad-11eb14b052c7', 'e87d3a7e-2e7b-4456-bfa6-e67b183f573c', 'Merge / Sort', 'merge-sort', 4);
INSERT INTO public.patterns (id, topic_id, name, slug, order_index) VALUES ('d6c6205d-3207-440e-9d09-fd19c55404bd', 'e87d3a7e-2e7b-4456-bfa6-e67b183f573c', 'Linked List + Stack', 'linked-list-stack', 5);
INSERT INTO public.patterns (id, topic_id, name, slug, order_index) VALUES ('6df95b97-99c3-4b3a-8e68-cc393b7f1c81', '11c96b98-af81-4fb9-8352-d4e569f0f36e', 'Basic DLL Operations', 'basic-dll-operations', 1);
INSERT INTO public.patterns (id, topic_id, name, slug, order_index) VALUES ('631f8d96-21c6-4119-b3ed-6e3912a74584', '11c96b98-af81-4fb9-8352-d4e569f0f36e', 'Merge / Sort / Reorder', 'merge-sort-reorder', 2);
INSERT INTO public.patterns (id, topic_id, name, slug, order_index) VALUES ('c8b878ff-85a6-45b1-99cf-85fdae51f7f5', '9c94efcd-86a5-4720-b53f-333c55686aad', 'Frequency Map / Counting', 'frequency-map-counting', 1);
INSERT INTO public.patterns (id, topic_id, name, slug, order_index) VALUES ('9eccf412-c474-44cf-8904-4ba790d9c32f', '9c94efcd-86a5-4720-b53f-333c55686aad', 'Prefix-Sum with Map', 'prefix-sum-with-map', 2);
INSERT INTO public.patterns (id, topic_id, name, slug, order_index) VALUES ('5c38b434-2107-48bd-823d-22334fde6950', '9c94efcd-86a5-4720-b53f-333c55686aad', 'Sliding Window + HashMap', 'sliding-window-hashmap', 3);
INSERT INTO public.patterns (id, topic_id, name, slug, order_index) VALUES ('ad3d051c-176c-4770-9e67-a8f8418f8470', '555e06e3-4c3d-4ac1-a8e2-a9f90050974a', 'Top-K Elements', 'top-k-elements', 1);
INSERT INTO public.patterns (id, topic_id, name, slug, order_index) VALUES ('dd917f14-e3f8-4265-adf9-89ae03fc4d2b', '555e06e3-4c3d-4ac1-a8e2-a9f90050974a', 'Merge K Sorted', 'merge-k-sorted', 2);
INSERT INTO public.patterns (id, topic_id, name, slug, order_index) VALUES ('669c3c31-545e-4e07-b948-78e0653af3ca', '555e06e3-4c3d-4ac1-a8e2-a9f90050974a', 'Heap with Sliding Window', 'heap-with-sliding-window', 3);
INSERT INTO public.patterns (id, topic_id, name, slug, order_index) VALUES ('2c6a34de-afa8-4237-b9ab-5736af5c86b4', '555e06e3-4c3d-4ac1-a8e2-a9f90050974a', 'Implementation of Heap', 'implementation-of-heap', 4);
INSERT INTO public.patterns (id, topic_id, name, slug, order_index) VALUES ('6c9625ae-564a-4f25-8de6-5bdd7eb9882f', '555e06e3-4c3d-4ac1-a8e2-a9f90050974a', 'Huffman pattern', 'huffman-pattern', 5);
INSERT INTO public.patterns (id, topic_id, name, slug, order_index) VALUES ('37564fa7-33d8-44d7-a7af-e8dcdbe00439', 'f8875b35-905f-4c37-8f2d-ff9bff19055c', 'DFS Traversals', 'dfs-traversals', 1);
INSERT INTO public.patterns (id, topic_id, name, slug, order_index) VALUES ('f5e912cf-0b5a-4ea8-b4e7-0cdc1eab0994', 'f8875b35-905f-4c37-8f2d-ff9bff19055c', 'BFS / Level-Order', 'bfs-level-order', 2);
INSERT INTO public.patterns (id, topic_id, name, slug, order_index) VALUES ('4b518099-7ea8-416b-9de7-5b76595578b0', 'f8875b35-905f-4c37-8f2d-ff9bff19055c', 'Lowest Common Ancestor', 'lowest-common-ancestor', 3);
INSERT INTO public.patterns (id, topic_id, name, slug, order_index) VALUES ('2d7631b4-2b1a-438f-a3a3-832e56153109', 'f8875b35-905f-4c37-8f2d-ff9bff19055c', 'Serialization / Construction', 'serialization-construction', 4);
INSERT INTO public.patterns (id, topic_id, name, slug, order_index) VALUES ('3be92ce8-acdd-4746-bc0c-ffb0a5f6b34a', '3b00f343-55e3-428c-8bc2-359506700c24', 'BST Operations', 'bst-operations', 1);
INSERT INTO public.patterns (id, topic_id, name, slug, order_index) VALUES ('d13719cc-d7fc-43c7-bee9-81c80b0663c0', '3b00f343-55e3-428c-8bc2-359506700c24', 'LCA & Range Queries', 'lca-range-queries', 2);
INSERT INTO public.patterns (id, topic_id, name, slug, order_index) VALUES ('3aac42ed-821a-4a37-bc85-6bff88a5a935', '4e9f2402-a857-43f1-a4a4-5167352e25b2', 'BFS (Unweighted Path)', 'bfs-unweighted-path', 1);
INSERT INTO public.patterns (id, topic_id, name, slug, order_index) VALUES ('4f02dc82-36cf-44d7-b7eb-fe850219b326', '4e9f2402-a857-43f1-a4a4-5167352e25b2', 'DFS (Connectivity)', 'dfs-connectivity', 2);
INSERT INTO public.patterns (id, topic_id, name, slug, order_index) VALUES ('44811609-efc2-482b-9bf4-82b444dce2a1', '4e9f2402-a857-43f1-a4a4-5167352e25b2', 'Topological Sort', 'topological-sort', 3);
INSERT INTO public.patterns (id, topic_id, name, slug, order_index) VALUES ('1c9ed5f9-2713-483a-ac89-24858ed19f4e', '4e9f2402-a857-43f1-a4a4-5167352e25b2', 'MST / Union-Find', 'mst-union-find', 4);
INSERT INTO public.patterns (id, topic_id, name, slug, order_index) VALUES ('f3ecac70-2b9b-49d0-a417-3b74267a24ac', '4e9f2402-a857-43f1-a4a4-5167352e25b2', 'Dijkstra (Weighted)', 'dijkstra-weighted', 5);
INSERT INTO public.patterns (id, topic_id, name, slug, order_index) VALUES ('95f1d0dd-3086-4bc8-95b9-fc2e2d31a3bb', '4e9f2402-a857-43f1-a4a4-5167352e25b2', 'Bellman-Ford', 'bellman-ford', 6);
INSERT INTO public.patterns (id, topic_id, name, slug, order_index) VALUES ('328b62b6-c399-45d6-8ece-9610793a3987', '4e9f2402-a857-43f1-a4a4-5167352e25b2', 'Floyd-Warshall', 'floyd-warshall', 7);
INSERT INTO public.patterns (id, topic_id, name, slug, order_index) VALUES ('0ebf11d0-8be0-44cb-bab9-8fb78d370b03', 'eff98d81-8e3e-44aa-b7d6-ebb67b936f57', 'Choice-Based Backtracking', 'choice-based-backtracking', 1);
INSERT INTO public.patterns (id, topic_id, name, slug, order_index) VALUES ('a20b2306-c011-48f2-8ec8-b20c2af17824', 'eff98d81-8e3e-44aa-b7d6-ebb67b936f57', 'Constraint-Based Backtracking', 'constraint-based-backtracking', 2);
INSERT INTO public.patterns (id, topic_id, name, slug, order_index) VALUES ('1ae1e511-4887-4f08-91e2-2e69a07373cc', 'eff98d81-8e3e-44aa-b7d6-ebb67b936f57', 'Grid / Path Backtracking', 'grid-path-backtracking', 3);
INSERT INTO public.patterns (id, topic_id, name, slug, order_index) VALUES ('c30ce36d-b95d-4819-9c1f-c71543a02e19', 'eff98d81-8e3e-44aa-b7d6-ebb67b936f57', 'Decision Tree / Sequence Generation', 'decision-tree-sequence-generation', 4);
INSERT INTO public.patterns (id, topic_id, name, slug, order_index) VALUES ('88f79dd5-1df4-4708-91dc-0c4b3a5414af', '5837fe96-645e-41ae-8ff8-a5c4159b9ad8', 'Intervals & Reach', 'intervals-reach', 1);
INSERT INTO public.patterns (id, topic_id, name, slug, order_index) VALUES ('c3766f1e-f22e-4a0f-86e0-999b0642a864', '5837fe96-645e-41ae-8ff8-a5c4159b9ad8', 'Sorting / Local Choice', 'sorting-local-choice', 2);
INSERT INTO public.patterns (id, topic_id, name, slug, order_index) VALUES ('0d345694-0593-4e9a-a560-255f74098373', '6859d2b0-9abb-42d8-8634-0b93536372fa', '1D / Linear DP', '1d-linear-dp', 1);
INSERT INTO public.patterns (id, topic_id, name, slug, order_index) VALUES ('eb8ae38f-38a6-4348-be36-dc75b16dbcbf', '6859d2b0-9abb-42d8-8634-0b93536372fa', '2D / Grid DP', '2d-grid-dp', 2);
INSERT INTO public.patterns (id, topic_id, name, slug, order_index) VALUES ('f95b7983-18a5-419c-8494-954bb7daf7d3', '6859d2b0-9abb-42d8-8634-0b93536372fa', 'DP on Strings', 'dp-on-strings', 3);
INSERT INTO public.patterns (id, topic_id, name, slug, order_index) VALUES ('dbb0cf67-5a55-4beb-bec7-244c725e9217', '6859d2b0-9abb-42d8-8634-0b93536372fa', 'DP on Intervals', 'dp-on-intervals', 4);
INSERT INTO public.patterns (id, topic_id, name, slug, order_index) VALUES ('2b126bb5-18e1-41c7-8252-3354b547928a', '6859d2b0-9abb-42d8-8634-0b93536372fa', 'DP on Trees / DAGs', 'dp-on-trees-dags', 5);
INSERT INTO public.patterns (id, topic_id, name, slug, order_index) VALUES ('9dfa971c-84ea-4fdf-9305-be34450412db', '6859d2b0-9abb-42d8-8634-0b93536372fa', 'Knapsack / Subset Sum', 'knapsack-subset-sum', 6);
INSERT INTO public.patterns (id, topic_id, name, slug, order_index) VALUES ('c84fd674-4b16-4f81-9718-7ba204633dc2', '6859d2b0-9abb-42d8-8634-0b93536372fa', 'DP on Stocks', 'dp-on-stocks', 7);
INSERT INTO public.patterns (id, topic_id, name, slug, order_index) VALUES ('5becfd54-23bb-487d-b18c-2e4008dabf95', '0ca38a41-dd28-4441-b011-f8e253891bf9', 'Basic Trie Operations', 'basic-trie-operations', 1);
INSERT INTO public.patterns (id, topic_id, name, slug, order_index) VALUES ('ab46d45b-1954-42b5-9b85-a41d4451da31', '0ca38a41-dd28-4441-b011-f8e253891bf9', 'Word Break / Segmentation', 'word-break-segmentation', 2);
INSERT INTO public.patterns (id, topic_id, name, slug, order_index) VALUES ('0db7f061-f596-4a7c-acb5-4ec0fefa4d7f', '0ca38a41-dd28-4441-b011-f8e253891bf9', 'Bitwise Trie / XOR', 'bitwise-trie-xor', 3);
INSERT INTO public.patterns (id, topic_id, name, slug, order_index) VALUES ('446dd202-5d0f-4d28-869c-0f2fb110c6ac', '8086f261-e774-4d34-b43b-c8cba44a194e', 'Basic Bit Operations', 'basic-bit-operations', 1);
INSERT INTO public.patterns (id, topic_id, name, slug, order_index) VALUES ('9210f540-58a5-42be-a7e8-c8d79143f1fd', '8086f261-e774-4d34-b43b-c8cba44a194e', 'Subsets / Bitmask', 'subsets-bitmask', 2);
INSERT INTO public.patterns (id, topic_id, name, slug, order_index) VALUES ('bf782e1c-12b5-48ec-b1d1-4ffee7903363', '8086f261-e774-4d34-b43b-c8cba44a194e', 'Advanced XOR', 'advanced-xor', 3);

INSERT INTO public.problems (id, pattern_id, title, difficulty, platform, url, order_index) VALUES ('2a45f3e7-b759-4991-9cac-d7b1c2460582', '384d3ae3-aa43-42f2-93c9-5afb14f3aaaf', 'Move Zeroes', 'Easy', 'LeetCode', 'https://leetcode.com/problems/move-zeroes/', 1);
INSERT INTO public.problems (id, pattern_id, title, difficulty, platform, url, order_index) VALUES ('8f9dada9-ed3e-4173-b33e-fa88a1a9f3b6', '384d3ae3-aa43-42f2-93c9-5afb14f3aaaf', 'Two Sum II', 'Medium', 'LeetCode', 'https://leetcode.com/problems/two-sum-ii-input-array-is-sorted/', 2);
INSERT INTO public.problems (id, pattern_id, title, difficulty, platform, url, order_index) VALUES ('94313b16-7e6d-441d-9af2-d4a07a6d6859', '384d3ae3-aa43-42f2-93c9-5afb14f3aaaf', '3Sum', 'Medium', 'LeetCode', 'https://leetcode.com/problems/3sum/', 3);
INSERT INTO public.problems (id, pattern_id, title, difficulty, platform, url, order_index) VALUES ('00ea2719-c937-4cdb-8daa-8d30f102319b', '384d3ae3-aa43-42f2-93c9-5afb14f3aaaf', 'Sort Colors', 'Medium', 'LeetCode', 'https://leetcode.com/problems/sort-colors/', 4);
INSERT INTO public.problems (id, pattern_id, title, difficulty, platform, url, order_index) VALUES ('90aa34f8-15ef-4cca-a799-9ac1b1895687', '384d3ae3-aa43-42f2-93c9-5afb14f3aaaf', 'Container With Most Water', 'Medium', 'LeetCode', 'https://leetcode.com/problems/container-with-most-water/', 5);
INSERT INTO public.problems (id, pattern_id, title, difficulty, platform, url, order_index) VALUES ('eedf1b48-53be-4d7d-beb5-2eeb5d27749c', '384d3ae3-aa43-42f2-93c9-5afb14f3aaaf', 'Trapping Rain Water', 'Hard', 'LeetCode', 'https://leetcode.com/problems/trapping-rain-water/', 6);
INSERT INTO public.problems (id, pattern_id, title, difficulty, platform, url, order_index) VALUES ('99737db8-e2f9-4262-9db8-8b685718d0f5', 'dfbf31d5-911f-4944-9f25-ac28fd4e61ea', 'Maximum Sum Subarray of Size K', 'Easy', 'LeetCode', 'https://leetcode.com/problems/maximum-sum-of-distinct-subarrays-with-length-k/', 1);
INSERT INTO public.problems (id, pattern_id, title, difficulty, platform, url, order_index) VALUES ('8f4a7415-0b19-4a68-935f-0024a19d2699', 'dfbf31d5-911f-4944-9f25-ac28fd4e61ea', 'Max Consecutive Ones', 'Easy', 'LeetCode', 'https://leetcode.com/problems/max-consecutive-ones/description/', 2);
INSERT INTO public.problems (id, pattern_id, title, difficulty, platform, url, order_index) VALUES ('34a4bca3-5733-466a-a7b9-224131925593', 'dfbf31d5-911f-4944-9f25-ac28fd4e61ea', 'Max Consecutive Ones III', 'Medium', 'LeetCode', 'https://leetcode.com/problems/max-consecutive-ones-iii/description/', 3);
INSERT INTO public.problems (id, pattern_id, title, difficulty, platform, url, order_index) VALUES ('fa7efaa9-837f-4f3c-88b1-238244814232', 'dfbf31d5-911f-4944-9f25-ac28fd4e61ea', 'Subarray Product Less Than K', 'Medium', 'LeetCode', 'https://leetcode.com/problems/subarray-product-less-than-k/description/', 4);
INSERT INTO public.problems (id, pattern_id, title, difficulty, platform, url, order_index) VALUES ('6479a340-672f-48a4-85ce-e960cc30c6db', 'dfbf31d5-911f-4944-9f25-ac28fd4e61ea', 'Fruits Into Baskets', 'Medium', 'LeetCode', 'https://leetcode.com/problems/fruit-into-baskets/', 5);
INSERT INTO public.problems (id, pattern_id, title, difficulty, platform, url, order_index) VALUES ('604255b4-90dd-4d80-bc26-12bcfd2ed1ea', 'dfbf31d5-911f-4944-9f25-ac28fd4e61ea', 'Minimum Size Subarray Sum', 'Medium', 'LeetCode', 'https://leetcode.com/problems/minimum-size-subarray-sum/', 6);
INSERT INTO public.problems (id, pattern_id, title, difficulty, platform, url, order_index) VALUES ('0b2c738f-78ec-43a5-ba5e-ec9cc1d3cfe6', 'dfbf31d5-911f-4944-9f25-ac28fd4e61ea', 'Sliding Window Maximum', 'Hard', 'LeetCode', 'https://leetcode.com/problems/sliding-window-maximum/', 7);
INSERT INTO public.problems (id, pattern_id, title, difficulty, platform, url, order_index) VALUES ('d85ff8c8-d174-48ed-a09c-becfe9ad78f7', 'dfbf31d5-911f-4944-9f25-ac28fd4e61ea', 'Subarray with K Distinct Integers', 'Hard', 'LeetCode', 'https://leetcode.com/problems/subarrays-with-k-different-integers/description/', 8);
INSERT INTO public.problems (id, pattern_id, title, difficulty, platform, url, order_index) VALUES ('ebdf6da5-253f-4e24-833c-6e41a8f29f28', '69ac47fe-0c38-466f-a688-68c3acf8bc0d', 'Find Pivot Index', 'Easy', 'LeetCode', 'https://leetcode.com/problems/find-pivot-index/', 1);
INSERT INTO public.problems (id, pattern_id, title, difficulty, platform, url, order_index) VALUES ('8084b49b-e517-4166-add9-af7ec00eb243', '69ac47fe-0c38-466f-a688-68c3acf8bc0d', 'Subarray Sum Equals K', 'Medium', 'LeetCode', 'https://leetcode.com/problems/subarray-sum-equals-k/', 2);
INSERT INTO public.problems (id, pattern_id, title, difficulty, platform, url, order_index) VALUES ('0129d8f8-e8ff-458d-8e58-63e810116e9e', '69ac47fe-0c38-466f-a688-68c3acf8bc0d', 'Matrix Block Sum / Running Sum 2D', 'Medium', 'LeetCode', 'https://leetcode.com/problems/matrix-block-sum/', 3);
INSERT INTO public.problems (id, pattern_id, title, difficulty, platform, url, order_index) VALUES ('5beec859-8141-44ee-b6de-3c6cd32b0296', '69ac47fe-0c38-466f-a688-68c3acf8bc0d', 'Product of Array Except Self', 'Medium', 'LeetCode', 'https://leetcode.com/problems/product-of-array-except-self/description/', 4);
INSERT INTO public.problems (id, pattern_id, title, difficulty, platform, url, order_index) VALUES ('a8a86e5e-b061-496d-9f4a-d4c5c4fa468b', '69ac47fe-0c38-466f-a688-68c3acf8bc0d', 'Continuous Subarray Sum', 'Medium', 'LeetCode', 'https://leetcode.com/problems/continuous-subarray-sum/', 5);
INSERT INTO public.problems (id, pattern_id, title, difficulty, platform, url, order_index) VALUES ('8726e671-5fea-4eda-8089-596344eac0cc', '69ac47fe-0c38-466f-a688-68c3acf8bc0d', 'Subarray Sums Divisible by K', 'Medium', 'LeetCode', 'https://leetcode.com/problems/subarray-sums-divisible-by-k/', 6);
INSERT INTO public.problems (id, pattern_id, title, difficulty, platform, url, order_index) VALUES ('89d3ecbf-4e26-4c5b-b44b-d21b3a34e41a', 'dc1c36ec-cb6a-440f-9dea-b109d6094697', 'Maximum Subarray', 'Medium', 'LeetCode', 'https://leetcode.com/problems/maximum-subarray/', 1);
INSERT INTO public.problems (id, pattern_id, title, difficulty, platform, url, order_index) VALUES ('c92d644f-fbfc-4cba-bfb7-75452e846a7f', 'dc1c36ec-cb6a-440f-9dea-b109d6094697', 'Maximum Product Subarray', 'Medium', 'LeetCode', 'https://leetcode.com/problems/maximum-product-subarray/', 2);
INSERT INTO public.problems (id, pattern_id, title, difficulty, platform, url, order_index) VALUES ('563edd1b-ba10-4daa-bc9a-a51a86a5cf6f', 'dc1c36ec-cb6a-440f-9dea-b109d6094697', 'Maximum Sum Circular Subarray', 'Medium', 'LeetCode', 'https://leetcode.com/problems/maximum-sum-circular-subarray/', 3);
INSERT INTO public.problems (id, pattern_id, title, difficulty, platform, url, order_index) VALUES ('d02a4bfa-d116-4248-884d-4ff370f45d75', 'dc1c36ec-cb6a-440f-9dea-b109d6094697', 'Maximum Absolute Sum of Any Subarray', 'Medium', 'LeetCode', 'https://leetcode.com/problems/maximum-absolute-sum-of-any-subarray/description/', 4);
INSERT INTO public.problems (id, pattern_id, title, difficulty, platform, url, order_index) VALUES ('38aac99f-1fff-4e9a-941b-724f707373d5', 'dc1c36ec-cb6a-440f-9dea-b109d6094697', 'Largest Sum Contiguous Subarray', 'Medium', 'LeetCode', 'https://leetcode.com/problems/maximum-subarray/', 5);
INSERT INTO public.problems (id, pattern_id, title, difficulty, platform, url, order_index) VALUES ('be871e9e-b626-4efa-a69d-ea7d0e66003c', '827430f5-4dcf-4536-b7aa-1506bee216a7', 'Reverse a String', 'Easy', 'LeetCode', 'https://leetcode.com/problems/reverse-string/', 1);
INSERT INTO public.problems (id, pattern_id, title, difficulty, platform, url, order_index) VALUES ('74ebf3f6-ae2f-4be6-964f-49b1713f9e85', '827430f5-4dcf-4536-b7aa-1506bee216a7', 'Valid Palindrome', 'Easy', 'LeetCode', 'https://leetcode.com/problems/valid-palindrome/', 2);
INSERT INTO public.problems (id, pattern_id, title, difficulty, platform, url, order_index) VALUES ('8fea2ac5-a979-4424-8bde-4676b7e21273', '827430f5-4dcf-4536-b7aa-1506bee216a7', 'Valid Palindrome II', 'Easy', 'LeetCode', 'https://leetcode.com/problems/valid-palindrome-ii/', 3);
INSERT INTO public.problems (id, pattern_id, title, difficulty, platform, url, order_index) VALUES ('792a3118-f636-4695-8900-0a727873ee53', '827430f5-4dcf-4536-b7aa-1506bee216a7', 'Longest Palindromic Substring', 'Medium', 'LeetCode', 'https://leetcode.com/problems/longest-palindromic-substring/', 4);
INSERT INTO public.problems (id, pattern_id, title, difficulty, platform, url, order_index) VALUES ('40f216ca-b0f8-49a8-8a7f-6caf3af8356c', '827430f5-4dcf-4536-b7aa-1506bee216a7', 'Palindromic Substrings', 'Medium', 'LeetCode', 'https://leetcode.com/problems/palindromic-substrings/', 5);
INSERT INTO public.problems (id, pattern_id, title, difficulty, platform, url, order_index) VALUES ('77131f6b-9d3f-45f0-9c7b-fcfb8f5a76ea', 'bb45c6ac-22c6-4c21-b100-4bbb5e6aab4b', 'Find All Anagrams in a String', 'Medium', 'LeetCode', 'https://leetcode.com/problems/find-all-anagrams-in-a-string/', 1);
INSERT INTO public.problems (id, pattern_id, title, difficulty, platform, url, order_index) VALUES ('41f4edff-d321-4791-8dab-4f26f7cae260', 'bb45c6ac-22c6-4c21-b100-4bbb5e6aab4b', 'Longest Substring Without Repeating Characters', 'Medium', 'LeetCode', 'https://leetcode.com/problems/longest-substring-without-repeating-characters/', 2);
INSERT INTO public.problems (id, pattern_id, title, difficulty, platform, url, order_index) VALUES ('83b76e5b-a1bc-4287-8310-0eb221b039c5', 'bb45c6ac-22c6-4c21-b100-4bbb5e6aab4b', 'Longest Substring with K Uniques', 'Medium', 'GFG', 'https://www.geeksforgeeks.org/problems/longest-k-unique-characters-substring0853/1', 3);
INSERT INTO public.problems (id, pattern_id, title, difficulty, platform, url, order_index) VALUES ('01ae708a-7ffa-4bc0-b95e-514072cd8cc1', 'bb45c6ac-22c6-4c21-b100-4bbb5e6aab4b', 'Permutation in String', 'Medium', 'LeetCode', 'https://leetcode.com/problems/permutation-in-string/', 4);
INSERT INTO public.problems (id, pattern_id, title, difficulty, platform, url, order_index) VALUES ('46283fad-cbdf-42e7-a4dc-583804944747', 'bb45c6ac-22c6-4c21-b100-4bbb5e6aab4b', 'Minimum Window Substring', 'Hard', 'LeetCode', 'https://leetcode.com/problems/minimum-window-substring/', 5);
INSERT INTO public.problems (id, pattern_id, title, difficulty, platform, url, order_index) VALUES ('77f62a17-e287-44f0-a17e-345840abd716', 'bb45c6ac-22c6-4c21-b100-4bbb5e6aab4b', 'Substring with Concatenation of All Words', 'Hard', 'LeetCode', 'https://leetcode.com/problems/substring-with-concatenation-of-all-words/', 6);
INSERT INTO public.problems (id, pattern_id, title, difficulty, platform, url, order_index) VALUES ('f9863aa2-1d61-4551-a494-2c36f6878045', 'a736aa65-8eba-4587-9526-a8a0685a3b18', 'Binary Search', 'Easy', 'LeetCode', 'https://leetcode.com/problems/binary-search/', 1);
INSERT INTO public.problems (id, pattern_id, title, difficulty, platform, url, order_index) VALUES ('5fa2d8bd-a63b-4df1-8df7-c822a4a7a319', 'a736aa65-8eba-4587-9526-a8a0685a3b18', 'Sqrt(x)', 'Easy', 'LeetCode', 'https://leetcode.com/problems/sqrtx/description/', 2);
INSERT INTO public.problems (id, pattern_id, title, difficulty, platform, url, order_index) VALUES ('81c81fa5-3c80-47ca-9891-11f0c76f80e1', 'a736aa65-8eba-4587-9526-a8a0685a3b18', 'Search Insert Position', 'Easy', 'LeetCode', 'https://leetcode.com/problems/search-insert-position/description/', 3);
INSERT INTO public.problems (id, pattern_id, title, difficulty, platform, url, order_index) VALUES ('5a21a893-015c-4773-a490-aec8d58de669', 'a736aa65-8eba-4587-9526-a8a0685a3b18', 'Search in Rotated Sorted Array', 'Medium', 'LeetCode', 'https://leetcode.com/problems/search-in-rotated-sorted-array/', 4);
INSERT INTO public.problems (id, pattern_id, title, difficulty, platform, url, order_index) VALUES ('09925439-521a-46d7-a4dc-ea0b8cfce66a', 'a736aa65-8eba-4587-9526-a8a0685a3b18', 'Find Minimum in Rotated Sorted Array', 'Medium', 'LeetCode', 'https://leetcode.com/problems/find-minimum-in-rotated-sorted-array/', 5);
INSERT INTO public.problems (id, pattern_id, title, difficulty, platform, url, order_index) VALUES ('b9301bd0-5c14-4bee-a539-684d972cdcea', 'a736aa65-8eba-4587-9526-a8a0685a3b18', 'Find Peak Element', 'Medium', 'LeetCode', 'https://leetcode.com/problems/find-peak-element/', 6);
INSERT INTO public.problems (id, pattern_id, title, difficulty, platform, url, order_index) VALUES ('430ef803-4eb2-43c5-9de3-90f9d882c0b6', 'c627a4dd-5b19-4d82-b0b7-a2cbcb674a1f', 'Find Kth Rotation', 'Easy', 'LeetCode', 'https://leetcode.com/problems/rotate-array/description/', 1);
INSERT INTO public.problems (id, pattern_id, title, difficulty, platform, url, order_index) VALUES ('6fb4d21a-a72c-471e-a001-c4d889095554', 'c627a4dd-5b19-4d82-b0b7-a2cbcb674a1f', 'Count Occurrences', 'Easy', 'GFG', 'https://www.geeksforgeeks.org/problems/number-of-occurrence2259/1', 2);
INSERT INTO public.problems (id, pattern_id, title, difficulty, platform, url, order_index) VALUES ('65315832-58e8-4643-811b-088c0dd529a9', 'c627a4dd-5b19-4d82-b0b7-a2cbcb674a1f', 'Ceiling in a Sorted Array', 'Easy', 'GFG', 'https://www.geeksforgeeks.org/problems/ceil-in-a-sorted-array/1', 3);
INSERT INTO public.problems (id, pattern_id, title, difficulty, platform, url, order_index) VALUES ('1bc43bce-936b-4b8f-aa2b-a943882f03be', 'c627a4dd-5b19-4d82-b0b7-a2cbcb674a1f', 'Floor in a Sorted Array', 'Easy', 'GFG', 'https://www.geeksforgeeks.org/problems/floor-in-a-sorted-array-1587115620/1', 4);
INSERT INTO public.problems (id, pattern_id, title, difficulty, platform, url, order_index) VALUES ('b42d46c7-a6cd-4b7f-8d71-8dfd6d383502', 'c627a4dd-5b19-4d82-b0b7-a2cbcb674a1f', 'Find First and Last Position of Element', 'Medium', 'LeetCode', 'https://leetcode.com/problems/find-first-and-last-position-of-element-in-sorted-array/', 5);
INSERT INTO public.problems (id, pattern_id, title, difficulty, platform, url, order_index) VALUES ('cfae17fa-cee3-4690-bf07-ca4f643539ea', '1b6ea7c3-6d57-427d-b8c1-0a45c09e1514', 'Koko Eating Bananas', 'Medium', 'LeetCode', 'https://leetcode.com/problems/koko-eating-bananas/', 1);
INSERT INTO public.problems (id, pattern_id, title, difficulty, platform, url, order_index) VALUES ('c561e6f7-b7f7-444b-89f4-107e0a021a73', '1b6ea7c3-6d57-427d-b8c1-0a45c09e1514', 'Capacity To Ship Packages Within D Days', 'Medium', 'LeetCode', 'https://leetcode.com/problems/capacity-to-ship-packages-within-d-days/', 2);
INSERT INTO public.problems (id, pattern_id, title, difficulty, platform, url, order_index) VALUES ('fddcda48-1533-4bf1-b658-3b976b0a15c3', '1b6ea7c3-6d57-427d-b8c1-0a45c09e1514', 'Min Speed to Arrive on Time', 'Medium', 'LeetCode', 'https://leetcode.com/problems/minimum-speed-to-arrive-on-time/description/', 3);
INSERT INTO public.problems (id, pattern_id, title, difficulty, platform, url, order_index) VALUES ('5e5b1a41-006e-4710-841a-6acb43a65c3d', '1b6ea7c3-6d57-427d-b8c1-0a45c09e1514', 'Aggressive Cows', 'Medium', 'GFG', 'https://www.geeksforgeeks.org/problems/aggressive-cows/1', 4);
INSERT INTO public.problems (id, pattern_id, title, difficulty, platform, url, order_index) VALUES ('672e61ac-2341-494d-9626-87c9961021bc', '1b6ea7c3-6d57-427d-b8c1-0a45c09e1514', 'Min Number of Days to Make M Bouquets', 'Medium', 'LeetCode', 'https://leetcode.com/problems/minimum-number-of-days-to-make-m-bouquets/description/', 5);
INSERT INTO public.problems (id, pattern_id, title, difficulty, platform, url, order_index) VALUES ('0730dfa8-0005-4b47-9cf0-8da4a79cc412', '1b6ea7c3-6d57-427d-b8c1-0a45c09e1514', 'Magnetic Force Between Two Balls', 'Medium', 'LeetCode', 'https://leetcode.com/problems/magnetic-force-between-two-balls/description/', 6);
INSERT INTO public.problems (id, pattern_id, title, difficulty, platform, url, order_index) VALUES ('9dd0d22c-2712-4e3d-8d51-c98f2f7cca70', '1b6ea7c3-6d57-427d-b8c1-0a45c09e1514', 'Allocate Minimum Number of Pages', 'Medium', 'GFG', 'https://www.geeksforgeeks.org/problems/allocate-minimum-number-of-pages0937/1', 7);
INSERT INTO public.problems (id, pattern_id, title, difficulty, platform, url, order_index) VALUES ('611d6424-b980-470d-8912-09d11ad1c740', '1b6ea7c3-6d57-427d-b8c1-0a45c09e1514', 'Split Array Largest Sum', 'Hard', 'LeetCode', 'https://leetcode.com/problems/split-array-largest-sum/', 8);
INSERT INTO public.problems (id, pattern_id, title, difficulty, platform, url, order_index) VALUES ('35c172e1-fa4c-4387-9dad-d70f99f173c3', '6ec10d55-ca73-45f2-bdab-954ae7d9abe4', 'Search a 2D Matrix', 'Medium', 'LeetCode', 'https://leetcode.com/problems/search-a-2d-matrix/', 1);
INSERT INTO public.problems (id, pattern_id, title, difficulty, platform, url, order_index) VALUES ('46731adb-3540-4b2e-a45a-14b84bb7f3fd', '6ec10d55-ca73-45f2-bdab-954ae7d9abe4', 'Search a 2D Matrix II', 'Medium', 'LeetCode', 'https://leetcode.com/problems/search-a-2d-matrix-ii/', 2);
INSERT INTO public.problems (id, pattern_id, title, difficulty, platform, url, order_index) VALUES ('ce4b0f50-e23d-48d2-ac88-fdf5f6ff07c0', '6ec10d55-ca73-45f2-bdab-954ae7d9abe4', 'Kth Smallest Element in Sorted Matrix', 'Medium', 'GFG', 'https://www.geeksforgeeks.org/problems/kth-element-in-matrix/1', 3);
INSERT INTO public.problems (id, pattern_id, title, difficulty, platform, url, order_index) VALUES ('811ff2c8-b1ce-432e-8fc4-c5fcfbbfb865', '6ec10d55-ca73-45f2-bdab-954ae7d9abe4', 'Matrix Median', 'Hard', 'GFG', 'https://www.geeksforgeeks.org/problems/median-in-a-row-wise-sorted-matrix1527/1', 4);
INSERT INTO public.problems (id, pattern_id, title, difficulty, platform, url, order_index) VALUES ('9fd5a30a-ba00-45d4-8dc3-522af47815bf', '7843bdba-5d8b-48ed-8c99-3245c66ac416', 'Next Greater Element I', 'Easy', 'LeetCode', 'https://leetcode.com/problems/next-greater-element-i/', 1);
INSERT INTO public.problems (id, pattern_id, title, difficulty, platform, url, order_index) VALUES ('613abdad-bc93-4c05-aed6-83a185537500', '7843bdba-5d8b-48ed-8c99-3245c66ac416', 'Next Greater Element II', 'Medium', 'LeetCode', 'https://leetcode.com/problems/next-greater-element-ii/', 2);
INSERT INTO public.problems (id, pattern_id, title, difficulty, platform, url, order_index) VALUES ('aece9f07-75a2-4613-a578-4e34eb843fcb', '7843bdba-5d8b-48ed-8c99-3245c66ac416', 'Daily Temperatures', 'Medium', 'LeetCode', 'https://leetcode.com/problems/daily-temperatures/', 3);
INSERT INTO public.problems (id, pattern_id, title, difficulty, platform, url, order_index) VALUES ('956df3cd-c4b9-4365-b7b2-86db61aec889', '7843bdba-5d8b-48ed-8c99-3245c66ac416', 'Online Stock Span', 'Medium', 'LeetCode', 'https://leetcode.com/problems/online-stock-span/', 4);
INSERT INTO public.problems (id, pattern_id, title, difficulty, platform, url, order_index) VALUES ('c16601a2-7304-4723-bd7e-2ab9ddf43798', '7843bdba-5d8b-48ed-8c99-3245c66ac416', 'Asteroid Collision', 'Medium', 'LeetCode', 'https://leetcode.com/problems/asteroid-collision/', 5);
INSERT INTO public.problems (id, pattern_id, title, difficulty, platform, url, order_index) VALUES ('ddcd5d2a-dd48-463e-93f8-2c35b8ecad4b', '7843bdba-5d8b-48ed-8c99-3245c66ac416', 'Largest Rectangle in Histogram', 'Hard', 'LeetCode', 'https://leetcode.com/problems/largest-rectangle-in-histogram/', 6);
INSERT INTO public.problems (id, pattern_id, title, difficulty, platform, url, order_index) VALUES ('85f70a3a-4732-4cfe-a369-93983ea0445a', '7843bdba-5d8b-48ed-8c99-3245c66ac416', 'Maximal Rectangle', 'Hard', 'LeetCode', 'https://leetcode.com/problems/maximal-rectangle/', 7);
INSERT INTO public.problems (id, pattern_id, title, difficulty, platform, url, order_index) VALUES ('085873fc-931a-4713-8e10-e0859149058c', 'ebe6999d-9ef8-4eca-8e29-e60724a905b7', 'Basic Calculator II', 'Medium', 'LeetCode', 'https://leetcode.com/problems/basic-calculator-ii/', 1);
INSERT INTO public.problems (id, pattern_id, title, difficulty, platform, url, order_index) VALUES ('262c5437-bd29-4800-8560-b0e9d1568b04', 'ebe6999d-9ef8-4eca-8e29-e60724a905b7', 'Evaluate Reverse Polish Notation', 'Medium', 'LeetCode', 'https://leetcode.com/problems/evaluate-reverse-polish-notation/', 2);
INSERT INTO public.problems (id, pattern_id, title, difficulty, platform, url, order_index) VALUES ('00543802-ef9b-4bb8-aeab-33a317b175eb', 'ebe6999d-9ef8-4eca-8e29-e60724a905b7', 'Decode String', 'Medium', 'LeetCode', 'https://leetcode.com/problems/decode-string/', 3);
INSERT INTO public.problems (id, pattern_id, title, difficulty, platform, url, order_index) VALUES ('b8114b19-1905-4d74-bc51-e81300f1b3df', 'ebe6999d-9ef8-4eca-8e29-e60724a905b7', 'Basic Calculator I', 'Hard', 'LeetCode', 'https://leetcode.com/problems/basic-calculator/', 4);
INSERT INTO public.problems (id, pattern_id, title, difficulty, platform, url, order_index) VALUES ('a8215e5e-9078-4169-9338-ff60f93bbb5e', 'bb0f6ae3-9d7e-479d-b944-e99b36fd3e47', 'Backspace String Compare', 'Easy', 'LeetCode', 'https://leetcode.com/problems/backspace-string-compare/', 1);
INSERT INTO public.problems (id, pattern_id, title, difficulty, platform, url, order_index) VALUES ('43bac7bf-eaaf-4daf-b967-4b84c768e87a', 'bb0f6ae3-9d7e-479d-b944-e99b36fd3e47', 'Remove All Adjacent Duplicates', 'Easy', 'LeetCode', 'https://leetcode.com/problems/remove-all-adjacent-duplicates-in-string/', 2);
INSERT INTO public.problems (id, pattern_id, title, difficulty, platform, url, order_index) VALUES ('16236e80-e9a0-47cf-86fd-5bcdca2f7dd2', 'bb0f6ae3-9d7e-479d-b944-e99b36fd3e47', 'Make the String Great', 'Easy', 'LeetCode', 'https://leetcode.com/problems/make-the-string-great/', 3);
INSERT INTO public.problems (id, pattern_id, title, difficulty, platform, url, order_index) VALUES ('ee037a36-a1d8-463c-b0ac-ec58cb4116c0', 'bb0f6ae3-9d7e-479d-b944-e99b36fd3e47', 'Minimum String Length After Removing Substrings', 'Medium', 'LeetCode', 'https://leetcode.com/problems/minimum-string-length-after-removing-substrings/description/', 4);
INSERT INTO public.problems (id, pattern_id, title, difficulty, platform, url, order_index) VALUES ('33685def-54d6-482c-84f6-f89992818585', '4f162996-8fba-4d73-80c3-f35e8887d9e8', 'Valid Parentheses', 'Easy', 'LeetCode', 'https://leetcode.com/problems/valid-parentheses/', 1);
INSERT INTO public.problems (id, pattern_id, title, difficulty, platform, url, order_index) VALUES ('be5265bd-15c1-4292-8bff-c433b816aeaa', '4f162996-8fba-4d73-80c3-f35e8887d9e8', 'Minimum Add to Make Parentheses Valid', 'Medium', 'LeetCode', 'https://leetcode.com/problems/minimum-add-to-make-parentheses-valid/', 2);
INSERT INTO public.problems (id, pattern_id, title, difficulty, platform, url, order_index) VALUES ('95b3bd47-bffd-426a-8b1d-1c90c14e1ca7', '4f162996-8fba-4d73-80c3-f35e8887d9e8', 'Score of Parentheses', 'Medium', 'LeetCode', 'https://leetcode.com/problems/score-of-parentheses/', 3);
INSERT INTO public.problems (id, pattern_id, title, difficulty, platform, url, order_index) VALUES ('af148c68-5775-4cca-8f60-d52a9f6e6d9e', '4f162996-8fba-4d73-80c3-f35e8887d9e8', 'Longest Valid Parentheses', 'Hard', 'LeetCode', 'https://leetcode.com/problems/longest-valid-parentheses/', 4);
INSERT INTO public.problems (id, pattern_id, title, difficulty, platform, url, order_index) VALUES ('15167b84-d391-485d-94a8-19596cb16b7f', '99b48e64-ba75-409c-a507-d96cece0a83b', 'Implement Queue using Stacks', 'Easy', 'LeetCode', 'https://leetcode.com/problems/implement-queue-using-stacks/', 1);
INSERT INTO public.problems (id, pattern_id, title, difficulty, platform, url, order_index) VALUES ('c8d0a37f-9a81-472b-8303-c6c9cd920ac9', '99b48e64-ba75-409c-a507-d96cece0a83b', 'Implement Stack using Queues', 'Easy', 'LeetCode', 'https://leetcode.com/problems/implement-stack-using-queues/', 2);
INSERT INTO public.problems (id, pattern_id, title, difficulty, platform, url, order_index) VALUES ('0d4faccd-e2ea-4b37-855e-f6788532d77f', '99b48e64-ba75-409c-a507-d96cece0a83b', 'Min Stack', 'Medium', 'LeetCode', 'https://leetcode.com/problems/min-stack/', 3);
INSERT INTO public.problems (id, pattern_id, title, difficulty, platform, url, order_index) VALUES ('6f25367e-069e-4792-bd50-ebf679ad1322', '99b48e64-ba75-409c-a507-d96cece0a83b', 'Max Stack', 'Medium', 'GFG', 'https://www.geeksforgeeks.org/problems/get-max-from-stack/1', 4);
INSERT INTO public.problems (id, pattern_id, title, difficulty, platform, url, order_index) VALUES ('cee57fed-fe8a-402f-a391-a1dc98b28fde', '99b48e64-ba75-409c-a507-d96cece0a83b', 'Design Stack with Increment Operation', 'Medium', 'LeetCode', 'https://leetcode.com/problems/design-a-stack-with-increment-operation/description/', 5);
INSERT INTO public.problems (id, pattern_id, title, difficulty, platform, url, order_index) VALUES ('504fed5b-0958-49a7-8f4c-643d40527e89', '0ba0d4c9-c793-4cea-adc4-35fc3c097723', 'Remove K Digits', 'Medium', 'LeetCode', 'https://leetcode.com/problems/remove-k-digits/', 1);
INSERT INTO public.problems (id, pattern_id, title, difficulty, platform, url, order_index) VALUES ('f56bc2ba-d238-4c3c-b8b3-9213d6ea8cdb', '0ba0d4c9-c793-4cea-adc4-35fc3c097723', 'Remove Duplicate Letters', 'Medium', 'LeetCode', 'https://leetcode.com/problems/remove-duplicate-letters/', 2);
INSERT INTO public.problems (id, pattern_id, title, difficulty, platform, url, order_index) VALUES ('57d92b59-4051-42eb-97f4-210b686ed590', '0ba0d4c9-c793-4cea-adc4-35fc3c097723', 'Smallest Subsequence of Distinct Characters', 'Medium', 'LeetCode', 'https://leetcode.com/problems/smallest-subsequence-of-distinct-characters/', 3);
INSERT INTO public.problems (id, pattern_id, title, difficulty, platform, url, order_index) VALUES ('6c960247-ee16-43ef-b404-c6c9be8459a1', '0ba0d4c9-c793-4cea-adc4-35fc3c097723', 'Minimum Remove to Make Valid Parentheses', 'Medium', 'LeetCode', 'https://leetcode.com/problems/minimum-remove-to-make-valid-parentheses/', 4);
INSERT INTO public.problems (id, pattern_id, title, difficulty, platform, url, order_index) VALUES ('f9eb480e-20ac-4983-8b4d-816d79663cdc', '0ba0d4c9-c793-4cea-adc4-35fc3c097723', 'Create Maximum Number', 'Hard', 'LeetCode', 'https://leetcode.com/problems/create-maximum-number/', 5);
INSERT INTO public.problems (id, pattern_id, title, difficulty, platform, url, order_index) VALUES ('f1ab8967-c97b-46ca-b983-7be3dab811d0', '95c20f6a-6b6b-4c1e-9371-07ae4fb9465d', 'Delete Middle Element of Stack', 'Easy', 'GFG', 'https://www.geeksforgeeks.org/problems/delete-middle-element-of-a-stack/1', 1);
INSERT INTO public.problems (id, pattern_id, title, difficulty, platform, url, order_index) VALUES ('3842bef0-f6bb-4235-ab21-753e3c263f0e', '95c20f6a-6b6b-4c1e-9371-07ae4fb9465d', 'Reverse a Stack (Recursive)', 'Medium', 'GFG', 'https://www.geeksforgeeks.org/problems/reverse-a-stack/1', 2);
INSERT INTO public.problems (id, pattern_id, title, difficulty, platform, url, order_index) VALUES ('3ac280b3-9acd-4a23-89ba-7b7200af82d3', '95c20f6a-6b6b-4c1e-9371-07ae4fb9465d', 'Insert at Bottom of Stack', 'Medium', 'GFG', 'https://www.geeksforgeeks.org/problems/insert-an-element-at-the-bottom-of-a-stack/1', 3);
INSERT INTO public.problems (id, pattern_id, title, difficulty, platform, url, order_index) VALUES ('fec45e88-1331-4978-95c4-344b33c2a925', '4fe1451b-0cb0-4aa6-9426-62a571aad20b', 'Factorial of N', 'Easy', 'GFG', 'https://practice.geeksforgeeks.org/problems/factorial5739/1', 1);
INSERT INTO public.problems (id, pattern_id, title, difficulty, platform, url, order_index) VALUES ('e0380417-3228-4b9c-925b-780ba3bc4696', '4fe1451b-0cb0-4aa6-9426-62a571aad20b', 'Print 1 to N / N to 1', 'Easy', 'GFG', 'https://practice.geeksforgeeks.org/problems/print-1-to-n-without-using-loops3621/1', 2);
INSERT INTO public.problems (id, pattern_id, title, difficulty, platform, url, order_index) VALUES ('b867d441-bf15-4073-b29a-d73b0808d0ee', '4fe1451b-0cb0-4aa6-9426-62a571aad20b', 'Check Palindrome (Recursive)', 'Easy', 'GFG', 'https://practice.geeksforgeeks.org/problems/palindrome0746/1', 3);
INSERT INTO public.problems (id, pattern_id, title, difficulty, platform, url, order_index) VALUES ('922dc83c-5adb-4115-9052-354c0d17a901', '4fe1451b-0cb0-4aa6-9426-62a571aad20b', 'Pow(x, n)', 'Medium', 'LeetCode', 'https://leetcode.com/problems/powx-n/', 4);
INSERT INTO public.problems (id, pattern_id, title, difficulty, platform, url, order_index) VALUES ('cd3d1c3f-d4cf-4345-a263-02c3e8cc8e4a', 'a89e02f2-7d66-4cc8-9514-df6e5b7065a2', 'Fibonacci Number', 'Easy', 'LeetCode', 'https://leetcode.com/problems/fibonacci-number/', 1);
INSERT INTO public.problems (id, pattern_id, title, difficulty, platform, url, order_index) VALUES ('1377bdb2-e1e7-4133-9df1-1a4e10516b74', 'a89e02f2-7d66-4cc8-9514-df6e5b7065a2', 'Climbing Stairs', 'Easy', 'LeetCode', 'https://leetcode.com/problems/climbing-stairs/', 2);
INSERT INTO public.problems (id, pattern_id, title, difficulty, platform, url, order_index) VALUES ('2906f746-3eab-403e-b24d-d13ce5a808b0', 'a89e02f2-7d66-4cc8-9514-df6e5b7065a2', 'Unique Paths', 'Medium', 'LeetCode', 'https://leetcode.com/problems/unique-paths/', 3);
INSERT INTO public.problems (id, pattern_id, title, difficulty, platform, url, order_index) VALUES ('96cd282f-548e-4c2c-afc0-64a701a0d5cc', 'a89e02f2-7d66-4cc8-9514-df6e5b7065a2', 'House Robber / Stickler Thief', 'Medium', 'LeetCode', 'https://leetcode.com/problems/house-robber/', 4);
INSERT INTO public.problems (id, pattern_id, title, difficulty, platform, url, order_index) VALUES ('f12aaf78-b91c-4cf6-acab-7901ff0d5b8f', 'd203a7ee-b8c9-4284-a685-390fc55445b1', 'Binary Search (Recursive)', 'Easy', 'LeetCode', 'https://leetcode.com/problems/binary-search/', 1);
INSERT INTO public.problems (id, pattern_id, title, difficulty, platform, url, order_index) VALUES ('039d6a67-786b-40e5-a7f3-7304178e76a5', 'd203a7ee-b8c9-4284-a685-390fc55445b1', 'Merge Sort', 'Medium', 'GFG', 'https://practice.geeksforgeeks.org/problems/merge-sort/1', 2);
INSERT INTO public.problems (id, pattern_id, title, difficulty, platform, url, order_index) VALUES ('1f2882a0-96f1-48eb-9896-066a964c0ad6', 'd203a7ee-b8c9-4284-a685-390fc55445b1', 'Quick Sort', 'Medium', 'GFG', 'https://practice.geeksforgeeks.org/problems/quick-sort/1', 3);
INSERT INTO public.problems (id, pattern_id, title, difficulty, platform, url, order_index) VALUES ('622ec3b8-b35f-415a-8055-fe07481380a2', 'd203a7ee-b8c9-4284-a685-390fc55445b1', 'Power (x^n)', 'Medium', 'LeetCode', 'https://leetcode.com/problems/powx-n/', 4);
INSERT INTO public.problems (id, pattern_id, title, difficulty, platform, url, order_index) VALUES ('4aa85513-bd84-40ec-80f5-93772ce11682', 'd203a7ee-b8c9-4284-a685-390fc55445b1', 'Median of Two Sorted Arrays', 'Hard', 'LeetCode', 'https://leetcode.com/problems/median-of-two-sorted-arrays/', 5);
INSERT INTO public.problems (id, pattern_id, title, difficulty, platform, url, order_index) VALUES ('27de6813-93df-4667-b8e3-11d73ac37cd8', '2a795da7-d154-4d1e-8ff7-6e429a216e52', 'Reverse Linked List', 'Easy', 'LeetCode', 'https://leetcode.com/problems/reverse-linked-list/', 1);
INSERT INTO public.problems (id, pattern_id, title, difficulty, platform, url, order_index) VALUES ('a8be9ede-dbec-4e2d-928f-35a571408ad6', '2a795da7-d154-4d1e-8ff7-6e429a216e52', 'Merge 2 Sorted Lists', 'Easy', 'LeetCode', 'https://leetcode.com/problems/merge-two-sorted-lists/', 2);
INSERT INTO public.problems (id, pattern_id, title, difficulty, platform, url, order_index) VALUES ('153d75d5-8212-4d41-a324-12778716064a', '2a795da7-d154-4d1e-8ff7-6e429a216e52', 'Delete Middle of Stack', 'Easy', 'GFG', 'https://practice.geeksforgeeks.org/problems/delete-middle-element-of-a-stack/1', 3);
INSERT INTO public.problems (id, pattern_id, title, difficulty, platform, url, order_index) VALUES ('0f867b1e-1f70-4db3-be11-85db51607fb5', '2a795da7-d154-4d1e-8ff7-6e429a216e52', 'Reverse Stack', 'Medium', 'GFG', 'https://practice.geeksforgeeks.org/problems/reverse-a-stack/1', 4);
INSERT INTO public.problems (id, pattern_id, title, difficulty, platform, url, order_index) VALUES ('ac27a149-cfce-4e4c-a37c-da29d68104af', '73b5a057-d478-4096-8784-f872fd0d2312', 'Generate All Subsets', 'Medium', 'LeetCode', 'https://leetcode.com/problems/subsets/', 1);
INSERT INTO public.problems (id, pattern_id, title, difficulty, platform, url, order_index) VALUES ('1be35518-5c65-4ea3-bcfe-8188b7b92419', '73b5a057-d478-4096-8784-f872fd0d2312', 'Subset Sum', 'Medium', 'GFG', 'https://practice.geeksforgeeks.org/problems/subset-sum-problem2014/1', 2);
INSERT INTO public.problems (id, pattern_id, title, difficulty, platform, url, order_index) VALUES ('822b2e7b-5549-46c8-bab0-cf75eb929ee1', '73b5a057-d478-4096-8784-f872fd0d2312', 'Count Subsequences with Given Sum', 'Medium', 'LeetCode', 'https://leetcode.com/problems/target-sum/', 3);
INSERT INTO public.problems (id, pattern_id, title, difficulty, platform, url, order_index) VALUES ('7b6a026e-cb72-4c58-9564-4cf64b45d641', 'c01a9261-1dfc-45e5-91cc-4026b38fde6a', 'Search in Linked List', 'Easy', 'GFG', 'https://www.geeksforgeeks.org/problems/search-in-linked-list-1664434326/1', 1);
INSERT INTO public.problems (id, pattern_id, title, difficulty, platform, url, order_index) VALUES ('cc73786d-81c5-4141-8a7a-5b24cb25e760', 'c01a9261-1dfc-45e5-91cc-4026b38fde6a', 'Insert at Head / Tail / Nth Position', 'Easy', 'GFG', 'https://www.geeksforgeeks.org/problems/linked-list-insertion-1587115620/1', 2);
INSERT INTO public.problems (id, pattern_id, title, difficulty, platform, url, order_index) VALUES ('910643a4-d1d2-4861-bd32-a86e2909e8dd', 'c01a9261-1dfc-45e5-91cc-4026b38fde6a', 'Delete Head / Tail / Nth Node', 'Easy', 'LeetCode', 'https://leetcode.com/problems/remove-nth-node-from-end-of-list/description/', 3);
INSERT INTO public.problems (id, pattern_id, title, difficulty, platform, url, order_index) VALUES ('bc0a98ae-4627-40cc-8a57-843af865d407', 'c01a9261-1dfc-45e5-91cc-4026b38fde6a', 'Design Linked List', 'Medium', 'LeetCode', 'https://leetcode.com/problems/design-linked-list/', 4);
INSERT INTO public.problems (id, pattern_id, title, difficulty, platform, url, order_index) VALUES ('3ccc7fd7-299c-495f-99c8-3e12b7b75d39', 'c01a9261-1dfc-45e5-91cc-4026b38fde6a', 'Odd–Even Linked List', 'Medium', 'LeetCode', 'https://leetcode.com/problems/odd-even-linked-list/', 5);
INSERT INTO public.problems (id, pattern_id, title, difficulty, platform, url, order_index) VALUES ('69c87485-e2fc-466d-83eb-daea44c7405f', '4ca3ccb7-5360-4c3b-a044-a1a900ba1c73', 'Middle of the Linked List', 'Easy', 'LeetCode', 'https://leetcode.com/problems/middle-of-the-linked-list/', 1);
INSERT INTO public.problems (id, pattern_id, title, difficulty, platform, url, order_index) VALUES ('f907909b-e7bc-4b83-b220-6b00e05d1b3b', '4ca3ccb7-5360-4c3b-a044-a1a900ba1c73', 'Linked List Cycle', 'Easy', 'LeetCode', 'https://leetcode.com/problems/linked-list-cycle/', 2);
INSERT INTO public.problems (id, pattern_id, title, difficulty, platform, url, order_index) VALUES ('66431465-0bd2-4f88-86b8-86ce07449d3a', '4ca3ccb7-5360-4c3b-a044-a1a900ba1c73', 'Linked List Cycle II', 'Medium', 'LeetCode', 'https://leetcode.com/problems/linked-list-cycle-ii/', 3);
INSERT INTO public.problems (id, pattern_id, title, difficulty, platform, url, order_index) VALUES ('80c59112-efa3-4361-a35e-3327be10b421', '4ca3ccb7-5360-4c3b-a044-a1a900ba1c73', 'Remove Nth Node From End', 'Medium', 'LeetCode', 'https://leetcode.com/problems/remove-nth-node-from-end-of-list/', 4);
INSERT INTO public.problems (id, pattern_id, title, difficulty, platform, url, order_index) VALUES ('98800c5c-bcf6-4507-8c80-fb85472db36f', 'cab6e356-fe7b-489e-92f2-e2c15772fe1d', 'Reverse a Linked List', 'Easy', 'LeetCode', 'https://leetcode.com/problems/reverse-linked-list/', 1);
INSERT INTO public.problems (id, pattern_id, title, difficulty, platform, url, order_index) VALUES ('075e573f-3582-4b92-9ed3-750f135b6d2b', 'cab6e356-fe7b-489e-92f2-e2c15772fe1d', 'Palindrome Linked List', 'Easy', 'LeetCode', 'https://leetcode.com/problems/palindrome-linked-list/', 2);
INSERT INTO public.problems (id, pattern_id, title, difficulty, platform, url, order_index) VALUES ('1a09a23c-7eac-413f-8df5-73ff3184d8d4', 'cab6e356-fe7b-489e-92f2-e2c15772fe1d', 'Reverse Linked List II', 'Medium', 'LeetCode', 'https://leetcode.com/problems/reverse-linked-list-ii/description/', 3);
INSERT INTO public.problems (id, pattern_id, title, difficulty, platform, url, order_index) VALUES ('97f1fdad-f0f8-4217-b74b-6de10408d384', 'cab6e356-fe7b-489e-92f2-e2c15772fe1d', 'Swap Nodes in Pairs', 'Medium', 'LeetCode', 'https://leetcode.com/problems/swap-nodes-in-pairs/', 4);
INSERT INTO public.problems (id, pattern_id, title, difficulty, platform, url, order_index) VALUES ('0c1a9546-d7f4-42a3-9f92-9fa6be12e425', 'cab6e356-fe7b-489e-92f2-e2c15772fe1d', 'Rotate List', 'Medium', 'LeetCode', 'https://leetcode.com/problems/rotate-list/', 5);
INSERT INTO public.problems (id, pattern_id, title, difficulty, platform, url, order_index) VALUES ('8f556bc9-a2a6-44fc-897d-1d60f40d8a7e', 'cab6e356-fe7b-489e-92f2-e2c15772fe1d', 'Reverse Nodes in k-Group', 'Hard', 'LeetCode', 'https://leetcode.com/problems/reverse-nodes-in-k-group/', 6);
INSERT INTO public.problems (id, pattern_id, title, difficulty, platform, url, order_index) VALUES ('80085e12-8395-4a8e-80fa-46847d406aaf', '0d95698d-a998-45fa-8cad-11eb14b052c7', 'Merge Two Sorted Lists', 'Easy', 'LeetCode', 'https://leetcode.com/problems/merge-two-sorted-lists/', 1);
INSERT INTO public.problems (id, pattern_id, title, difficulty, platform, url, order_index) VALUES ('24a72113-450b-46f4-ac29-c19bebc60301', '0d95698d-a998-45fa-8cad-11eb14b052c7', 'Remove Duplicates from Sorted List', 'Easy', 'LeetCode', 'https://leetcode.com/problems/remove-duplicates-from-sorted-list/', 2);
INSERT INTO public.problems (id, pattern_id, title, difficulty, platform, url, order_index) VALUES ('c5954004-99c9-44ea-8a4b-abd34bb900b4', '0d95698d-a998-45fa-8cad-11eb14b052c7', 'Sort List', 'Medium', 'LeetCode', 'https://leetcode.com/problems/sort-list/', 3);
INSERT INTO public.problems (id, pattern_id, title, difficulty, platform, url, order_index) VALUES ('61a0cec0-4f2c-40c0-a832-34f3441c1b4e', '0d95698d-a998-45fa-8cad-11eb14b052c7', 'Reorder List', 'Medium', 'LeetCode', 'https://leetcode.com/problems/reorder-list/', 4);
INSERT INTO public.problems (id, pattern_id, title, difficulty, platform, url, order_index) VALUES ('69c7968c-ee78-429e-991e-17f91c5573d2', '0d95698d-a998-45fa-8cad-11eb14b052c7', 'Merge K Sorted Lists', 'Hard', 'LeetCode', 'https://leetcode.com/problems/merge-k-sorted-lists/', 5);
INSERT INTO public.problems (id, pattern_id, title, difficulty, platform, url, order_index) VALUES ('6240d626-97dd-4d2b-a4f8-776876c778d3', 'd6c6205d-3207-440e-9d09-fd19c55404bd', 'Add Two Numbers', 'Medium', 'LeetCode', 'https://leetcode.com/problems/add-two-numbers/', 1);
INSERT INTO public.problems (id, pattern_id, title, difficulty, platform, url, order_index) VALUES ('933bd445-442c-43f8-ad4b-c8bd0dc7f178', 'd6c6205d-3207-440e-9d09-fd19c55404bd', 'Add Two Numbers II', 'Medium', 'LeetCode', 'https://leetcode.com/problems/add-two-numbers-ii/', 2);
INSERT INTO public.problems (id, pattern_id, title, difficulty, platform, url, order_index) VALUES ('6b0d438d-5d75-4b1e-8545-f89666392b82', 'd6c6205d-3207-440e-9d09-fd19c55404bd', 'Next Greater Node in Linked List', 'Medium', 'LeetCode', 'https://leetcode.com/problems/next-greater-node-in-linked-list/', 3);
INSERT INTO public.problems (id, pattern_id, title, difficulty, platform, url, order_index) VALUES ('767f79fe-e989-4b55-ab94-669a89a6d3e6', 'd6c6205d-3207-440e-9d09-fd19c55404bd', 'Remove Nodes From Linked List', 'Medium', 'LeetCode', 'https://leetcode.com/problems/remove-nodes-from-linked-list/', 4);
INSERT INTO public.problems (id, pattern_id, title, difficulty, platform, url, order_index) VALUES ('559b1697-e5f7-42d2-b6c2-1166ce46c018', '6df95b97-99c3-4b3a-8e68-cc393b7f1c81', 'Implement Doubly Linked List', 'Easy', 'GFG', 'https://www.geeksforgeeks.org/problems/insert-a-node-in-doubly-linked-list/1', 1);
INSERT INTO public.problems (id, pattern_id, title, difficulty, platform, url, order_index) VALUES ('992ae1dc-89bb-4852-934a-e4fdb9b1f3ff', '6df95b97-99c3-4b3a-8e68-cc393b7f1c81', 'Insert a node in a doubly Linkedlist', 'Easy', 'GFG', 'https://www.geeksforgeeks.org/problems/insert-a-node-in-doubly-linked-list/1', 2);
INSERT INTO public.problems (id, pattern_id, title, difficulty, platform, url, order_index) VALUES ('7483e7b1-954e-4e56-bb5f-c299918382a9', '6df95b97-99c3-4b3a-8e68-cc393b7f1c81', 'Delete a node from a doubly Linkedlist', 'Easy', 'GFG', 'https://www.geeksforgeeks.org/problems/delete-node-in-doubly-linked-list/1', 3);
INSERT INTO public.problems (id, pattern_id, title, difficulty, platform, url, order_index) VALUES ('47b89626-2ac4-41bb-8be6-d90018bb0d8d', '6df95b97-99c3-4b3a-8e68-cc393b7f1c81', 'Reverse Doubly Linked List', 'Easy', 'GFG', 'https://www.geeksforgeeks.org/problems/reverse-a-doubly-linked-list/1', 4);
INSERT INTO public.problems (id, pattern_id, title, difficulty, platform, url, order_index) VALUES ('a38e067b-1aff-4820-b356-c9b8187500fb', '6df95b97-99c3-4b3a-8e68-cc393b7f1c81', 'LRU Cache', 'Medium', 'LeetCode', 'https://leetcode.com/problems/lru-cache/', 5);
INSERT INTO public.problems (id, pattern_id, title, difficulty, platform, url, order_index) VALUES ('a7312ba0-f169-43ad-90b9-9f0cada5c12e', '6df95b97-99c3-4b3a-8e68-cc393b7f1c81', 'LFU Cache', 'Hard', 'LeetCode', 'https://leetcode.com/problems/lfu-cache/description/', 6);
INSERT INTO public.problems (id, pattern_id, title, difficulty, platform, url, order_index) VALUES ('a5fce1f6-9b16-4b27-9958-d24c42a5bdec', '631f8d96-21c6-4119-b3ed-6e3912a74584', 'Merge Two Sorted DLLs', 'Medium', 'GFG', 'https://www.geeksforgeeks.org/problems/merge-two-sorted-linked-lists/1', 1);
INSERT INTO public.problems (id, pattern_id, title, difficulty, platform, url, order_index) VALUES ('07cb1963-7498-4886-99eb-26fcbaf3c6bb', '631f8d96-21c6-4119-b3ed-6e3912a74584', 'Flatten Multilevel DLL', 'Medium', 'LeetCode', 'https://leetcode.com/problems/flatten-a-multilevel-doubly-linked-list/description/', 2);
INSERT INTO public.problems (id, pattern_id, title, difficulty, platform, url, order_index) VALUES ('fdd5d667-006d-4da5-851e-1d4651531be0', '631f8d96-21c6-4119-b3ed-6e3912a74584', 'Convert DLL to Binary Tree', 'Medium', 'GFG', 'https://www.geeksforgeeks.org/problems/binary-tree-to-dll/1', 3);
INSERT INTO public.problems (id, pattern_id, title, difficulty, platform, url, order_index) VALUES ('253879bd-ce8e-4171-bc7f-8aa6df445f6b', 'c8b878ff-85a6-45b1-99cf-85fdae51f7f5', 'Majority Element', 'Easy', 'LeetCode', 'https://leetcode.com/problems/majority-element/', 1);
INSERT INTO public.problems (id, pattern_id, title, difficulty, platform, url, order_index) VALUES ('a844b92d-b8f5-4786-9613-714fb359baa9', 'c8b878ff-85a6-45b1-99cf-85fdae51f7f5', 'Top K Frequent Elements', 'Medium', 'LeetCode', 'https://leetcode.com/problems/top-k-frequent-elements/', 2);
INSERT INTO public.problems (id, pattern_id, title, difficulty, platform, url, order_index) VALUES ('62eb6bcc-1658-4fe5-b2fe-d910f5172b3d', 'c8b878ff-85a6-45b1-99cf-85fdae51f7f5', 'Sort Characters By Frequency', 'Medium', 'LeetCode', 'https://leetcode.com/problems/sort-characters-by-frequency/', 3);
INSERT INTO public.problems (id, pattern_id, title, difficulty, platform, url, order_index) VALUES ('955e1bb0-6a09-4f25-8fbb-09dc943be0a8', 'c8b878ff-85a6-45b1-99cf-85fdae51f7f5', 'Task Scheduler', 'Medium', 'GFG', 'https://www.geeksforgeeks.org/problems/task-scheduler/1', 4);
INSERT INTO public.problems (id, pattern_id, title, difficulty, platform, url, order_index) VALUES ('cc735c93-d62d-426d-956c-13bc82628ec2', '9eccf412-c474-44cf-8904-4ba790d9c32f', 'Subarray Sum Equals K', 'Medium', 'LeetCode', 'https://leetcode.com/problems/subarray-sum-equals-k/', 1);
INSERT INTO public.problems (id, pattern_id, title, difficulty, platform, url, order_index) VALUES ('1359955e-8d7c-49d6-9d68-e3d2454a24c0', '9eccf412-c474-44cf-8904-4ba790d9c32f', 'Continuous Subarray Sum', 'Medium', 'LeetCode', 'https://leetcode.com/problems/continuous-subarray-sum/', 2);
INSERT INTO public.problems (id, pattern_id, title, difficulty, platform, url, order_index) VALUES ('7ee418eb-93c5-4833-91cb-01df47b8f948', '9eccf412-c474-44cf-8904-4ba790d9c32f', 'Subarray Sums Divisible by K', 'Medium', 'LeetCode', 'https://leetcode.com/problems/subarray-sums-divisible-by-k/', 3);
INSERT INTO public.problems (id, pattern_id, title, difficulty, platform, url, order_index) VALUES ('083c4552-6fa1-4567-bbb1-3f0cc208ac95', '9eccf412-c474-44cf-8904-4ba790d9c32f', 'Count Subarrays with Sum K', 'Medium', 'GFG', 'https://www.geeksforgeeks.org/problems/subarrays-with-sum-k/1', 4);
INSERT INTO public.problems (id, pattern_id, title, difficulty, platform, url, order_index) VALUES ('de185d09-a482-498e-86e6-773f6ba3f341', '5c38b434-2107-48bd-823d-22334fde6950', 'Longest Substring Without Repeating Characters', 'Medium', 'LeetCode', 'https://leetcode.com/problems/longest-substring-without-repeating-characters/', 1);
INSERT INTO public.problems (id, pattern_id, title, difficulty, platform, url, order_index) VALUES ('a36d20e1-229c-46d8-ac9b-5e2ccbc87c39', '5c38b434-2107-48bd-823d-22334fde6950', 'Find All Anagrams in a String', 'Medium', 'LeetCode', 'https://leetcode.com/problems/find-all-anagrams-in-a-string/', 2);
INSERT INTO public.problems (id, pattern_id, title, difficulty, platform, url, order_index) VALUES ('63cb7e80-c610-44a6-89b3-de655678ded6', '5c38b434-2107-48bd-823d-22334fde6950', 'Fruit Into Baskets', 'Medium', 'LeetCode', 'https://leetcode.com/problems/fruit-into-baskets/', 3);
INSERT INTO public.problems (id, pattern_id, title, difficulty, platform, url, order_index) VALUES ('873c8b4e-0b35-47f5-9959-433649d80450', '5c38b434-2107-48bd-823d-22334fde6950', 'Longest Substring with At Most K Distinct Characters', 'Medium', 'GFG', 'https://www.geeksforgeeks.org/problems/longest-k-unique-characters-substring0853/1', 4);
INSERT INTO public.problems (id, pattern_id, title, difficulty, platform, url, order_index) VALUES ('90164f02-e57b-4d26-a79d-63d65598d02b', '5c38b434-2107-48bd-823d-22334fde6950', 'Minimum Window Substring', 'Hard', 'LeetCode', 'https://leetcode.com/problems/minimum-window-substring/', 5);
INSERT INTO public.problems (id, pattern_id, title, difficulty, platform, url, order_index) VALUES ('432d8476-6de3-4666-a6ff-210d9d7641e4', 'ad3d051c-176c-4770-9e67-a8f8418f8470', 'K Frequent Words', 'Medium', 'LeetCode', 'https://leetcode.com/problems/top-k-frequent-words/description/', 1);
INSERT INTO public.problems (id, pattern_id, title, difficulty, platform, url, order_index) VALUES ('ba493473-fe07-46a5-9c3b-f0cb2a9e6998', 'ad3d051c-176c-4770-9e67-a8f8418f8470', 'Sort Characters by Frequency', 'Medium', 'LeetCode', 'https://leetcode.com/problems/sort-characters-by-frequency/description/', 2);
INSERT INTO public.problems (id, pattern_id, title, difficulty, platform, url, order_index) VALUES ('20106434-bd9f-4b9f-91d0-ce305a211e92', 'ad3d051c-176c-4770-9e67-a8f8418f8470', 'Kth Largest Element in an Array', 'Medium', 'LeetCode', 'https://leetcode.com/problems/kth-largest-element-in-an-array/description/', 3);
INSERT INTO public.problems (id, pattern_id, title, difficulty, platform, url, order_index) VALUES ('a563b9c1-d7f2-48e9-b79c-9b43169195b1', 'ad3d051c-176c-4770-9e67-a8f8418f8470', 'Top K Frequent Elements', 'Medium', 'LeetCode', 'https://leetcode.com/problems/top-k-frequent-elements/', 4);
INSERT INTO public.problems (id, pattern_id, title, difficulty, platform, url, order_index) VALUES ('472ac03e-a557-4030-a78f-6fa11573ce48', 'ad3d051c-176c-4770-9e67-a8f8418f8470', 'Minimum Cost to Connect Ropes', 'Medium', 'GFG', 'https://www.geeksforgeeks.org/problems/minimum-cost-of-ropes-1587115620/1', 5);
INSERT INTO public.problems (id, pattern_id, title, difficulty, platform, url, order_index) VALUES ('6bd264cf-e9bf-4da3-bb18-4e5e3c6fb495', 'ad3d051c-176c-4770-9e67-a8f8418f8470', 'Find Median from Data Stream', 'Hard', 'LeetCode', 'https://leetcode.com/problems/find-median-from-data-stream/', 6);
INSERT INTO public.problems (id, pattern_id, title, difficulty, platform, url, order_index) VALUES ('07a9510f-5f12-4ac9-a82b-273c06120c91', 'dd917f14-e3f8-4265-adf9-89ae03fc4d2b', 'Find K Pairs with Smallest Sums', 'Medium', 'LeetCode', 'https://leetcode.com/problems/find-k-pairs-with-smallest-sums/', 1);
INSERT INTO public.problems (id, pattern_id, title, difficulty, platform, url, order_index) VALUES ('bc07c217-1c79-4d73-b636-e013b0c12e32', 'dd917f14-e3f8-4265-adf9-89ae03fc4d2b', 'Merge K Sorted Lists', 'Hard', 'LeetCode', 'https://leetcode.com/problems/merge-k-sorted-lists/', 2);
INSERT INTO public.problems (id, pattern_id, title, difficulty, platform, url, order_index) VALUES ('11adc40d-5ec0-4eba-9d77-2ab8af54f56e', 'dd917f14-e3f8-4265-adf9-89ae03fc4d2b', 'Smallest Range Covering Elements from K Lists', 'Hard', 'LeetCode', 'https://leetcode.com/problems/smallest-range-covering-elements-from-k-lists/', 3);
INSERT INTO public.problems (id, pattern_id, title, difficulty, platform, url, order_index) VALUES ('57ba8f41-6852-4627-9ec0-af38b83fce4c', '669c3c31-545e-4e07-b948-78e0653af3ca', 'Task Scheduler', 'Medium', 'LeetCode', 'https://leetcode.com/problems/task-scheduler/', 1);
INSERT INTO public.problems (id, pattern_id, title, difficulty, platform, url, order_index) VALUES ('e79c96e6-c21a-49e8-8a44-0a18e93a55b2', '669c3c31-545e-4e07-b948-78e0653af3ca', 'Sliding Window Maximum', 'Hard', 'LeetCode', 'https://leetcode.com/problems/sliding-window-maximum/', 2);
INSERT INTO public.problems (id, pattern_id, title, difficulty, platform, url, order_index) VALUES ('bc6611de-8e20-4caf-878c-d0a974451fef', '669c3c31-545e-4e07-b948-78e0653af3ca', 'Sliding Window Median', 'Hard', 'LeetCode', 'https://leetcode.com/problems/sliding-window-median/', 3);
INSERT INTO public.problems (id, pattern_id, title, difficulty, platform, url, order_index) VALUES ('0b03aafc-8772-4e5c-84e5-524459ea6bf0', '2c6a34de-afa8-4237-b9ab-5736af5c86b4', 'Implement priority queue', 'Easy', 'GFG', 'https://www.geeksforgeeks.org/problems/operations-on-priorityqueue/1', 1);
INSERT INTO public.problems (id, pattern_id, title, difficulty, platform, url, order_index) VALUES ('f3b5206f-3a59-4726-8194-3e1cd6f996f8', '2c6a34de-afa8-4237-b9ab-5736af5c86b4', 'Implement min heap', 'Medium', 'GFG', 'https://www.geeksforgeeks.org/problems/min-heap-implementation/1', 2);
INSERT INTO public.problems (id, pattern_id, title, difficulty, platform, url, order_index) VALUES ('681f8a7a-d9ac-4ff9-b594-0d2c530381d6', '2c6a34de-afa8-4237-b9ab-5736af5c86b4', 'Implement max heap', 'Medium', 'GFG', 'https://www.geeksforgeeks.org/problems/max-heap-implementation/1', 3);
INSERT INTO public.problems (id, pattern_id, title, difficulty, platform, url, order_index) VALUES ('66d52b38-2766-4c4a-aec3-167902273195', '6c9625ae-564a-4f25-8de6-5bdd7eb9882f', 'Minimum Cost to Connect Sticks', 'Easy', 'GFG', 'https://www.geeksforgeeks.org/problems/minimum-cost-of-ropes-1587115620/1', 1);
INSERT INTO public.problems (id, pattern_id, title, difficulty, platform, url, order_index) VALUES ('cd39003c-9ceb-4985-b5fc-f71fb4d23306', '6c9625ae-564a-4f25-8de6-5bdd7eb9882f', 'Minimum Cost of Ropes', 'Medium', 'GFG', 'https://www.geeksforgeeks.org/problems/minimum-cost-of-ropes-1587115620/1', 2);
INSERT INTO public.problems (id, pattern_id, title, difficulty, platform, url, order_index) VALUES ('0ce09ad7-0783-45cb-93ae-cbefb8af4baf', '6c9625ae-564a-4f25-8de6-5bdd7eb9882f', 'Merge Files with Minimum Cost', 'Medium', 'GFG', 'https://www.geeksforgeeks.org/problems/optimal-file-merge/1', 3);
INSERT INTO public.problems (id, pattern_id, title, difficulty, platform, url, order_index) VALUES ('04f36339-bac5-4e4d-8584-88d2907d4d37', '6c9625ae-564a-4f25-8de6-5bdd7eb9882f', 'Combine Cards / Numbers with Minimum Cost', 'Medium', 'LeetCode', 'https://leetcode.com/problems/minimum-cost-to-merge-stones/description/', 4);
INSERT INTO public.problems (id, pattern_id, title, difficulty, platform, url, order_index) VALUES ('2b18e03e-bbce-49c3-85aa-bebc0d368ea8', '6c9625ae-564a-4f25-8de6-5bdd7eb9882f', 'Reorganize String', 'Medium', 'LeetCode', 'https://leetcode.com/problems/reorganize-string/description/', 5);
INSERT INTO public.problems (id, pattern_id, title, difficulty, platform, url, order_index) VALUES ('7b30c74b-3862-420d-9bd8-4061776d4a37', '37564fa7-33d8-44d7-a7af-e8dcdbe00439', 'Inorder Traversal', 'Easy', 'LeetCode', 'https://leetcode.com/problems/binary-tree-inorder-traversal/description/', 1);
INSERT INTO public.problems (id, pattern_id, title, difficulty, platform, url, order_index) VALUES ('f76aa47d-a9fa-48f4-b37f-e7d98aaf1b9f', '37564fa7-33d8-44d7-a7af-e8dcdbe00439', 'Preorder Traversal', 'Easy', 'LeetCode', 'https://leetcode.com/problems/binary-tree-preorder-traversal/description/', 2);
INSERT INTO public.problems (id, pattern_id, title, difficulty, platform, url, order_index) VALUES ('13c0bdc9-20d8-4d73-879a-5183f704f8b3', '37564fa7-33d8-44d7-a7af-e8dcdbe00439', 'Postorder Traversal', 'Easy', 'LeetCode', 'https://leetcode.com/problems/binary-tree-postorder-traversal/description/', 3);
INSERT INTO public.problems (id, pattern_id, title, difficulty, platform, url, order_index) VALUES ('7f87fcdf-902e-4888-862f-8775aad16be1', '37564fa7-33d8-44d7-a7af-e8dcdbe00439', 'Same Tree Check', 'Easy', 'LeetCode', 'https://leetcode.com/problems/same-tree/description/', 4);
INSERT INTO public.problems (id, pattern_id, title, difficulty, platform, url, order_index) VALUES ('701c51cc-f736-439e-be0c-b588a2c66231', '37564fa7-33d8-44d7-a7af-e8dcdbe00439', 'Diameter of Binary Tree', 'Easy', 'LeetCode', 'https://leetcode.com/problems/diameter-of-binary-tree/', 5);
INSERT INTO public.problems (id, pattern_id, title, difficulty, platform, url, order_index) VALUES ('289cd6d9-b416-4675-93fa-696aa785fb14', '37564fa7-33d8-44d7-a7af-e8dcdbe00439', 'Maximum Depth of Binary Tree', 'Easy', 'LeetCode', 'https://leetcode.com/problems/maximum-depth-of-binary-tree/', 6);
INSERT INTO public.problems (id, pattern_id, title, difficulty, platform, url, order_index) VALUES ('b91fee10-7e5e-4227-bd7d-36f2aa30f300', '37564fa7-33d8-44d7-a7af-e8dcdbe00439', 'Path Sum', 'Easy', 'LeetCode', 'https://leetcode.com/problems/path-sum/', 7);
INSERT INTO public.problems (id, pattern_id, title, difficulty, platform, url, order_index) VALUES ('40a4b6fc-207d-4586-8c95-b58f84618053', '37564fa7-33d8-44d7-a7af-e8dcdbe00439', 'Minimum Depth of Binary Tree', 'Easy', 'LeetCode', 'https://leetcode.com/problems/minimum-depth-of-binary-tree/description/', 8);
INSERT INTO public.problems (id, pattern_id, title, difficulty, platform, url, order_index) VALUES ('1c7f430b-9a98-4236-805e-56f95719b9a5', '37564fa7-33d8-44d7-a7af-e8dcdbe00439', 'Check if Nodes are Cousins', 'Medium', 'LeetCode', 'https://leetcode.com/problems/cousins-in-binary-tree/description/', 9);
INSERT INTO public.problems (id, pattern_id, title, difficulty, platform, url, order_index) VALUES ('5f384b7d-0edd-4a3f-86ff-041c78f334ba', '37564fa7-33d8-44d7-a7af-e8dcdbe00439', 'Print All Nodes at Distance K', 'Medium', 'LeetCode', 'https://leetcode.com/problems/all-nodes-distance-k-in-binary-tree/description/', 10);
INSERT INTO public.problems (id, pattern_id, title, difficulty, platform, url, order_index) VALUES ('912b28ff-f952-41dc-9997-1c51c027b9ec', '37564fa7-33d8-44d7-a7af-e8dcdbe00439', 'Boundary Traversal of a Binary Tree', 'Medium', 'GFG', 'https://www.geeksforgeeks.org/problems/boundary-traversal-of-binary-tree/1', 11);
INSERT INTO public.problems (id, pattern_id, title, difficulty, platform, url, order_index) VALUES ('b41534d1-2017-4f3f-a29e-fbc96e1f80eb', '37564fa7-33d8-44d7-a7af-e8dcdbe00439', 'Vertical Order Traversal', 'Medium', 'LeetCode', 'https://leetcode.com/problems/vertical-order-traversal-of-a-binary-tree/description/', 12);
INSERT INTO public.problems (id, pattern_id, title, difficulty, platform, url, order_index) VALUES ('2b86b5b8-7187-473a-83b1-6229090f17ec', '37564fa7-33d8-44d7-a7af-e8dcdbe00439', 'Top View of a Binary Tree', 'Medium', 'GFG', 'https://www.geeksforgeeks.org/problems/top-view-of-binary-tree/1', 13);
INSERT INTO public.problems (id, pattern_id, title, difficulty, platform, url, order_index) VALUES ('a23d4139-4b19-45a4-85ce-f505ced5732a', '37564fa7-33d8-44d7-a7af-e8dcdbe00439', 'Binary Tree Maximum Path Sum', 'Hard', 'LeetCode', 'https://leetcode.com/problems/binary-tree-maximum-path-sum/', 14);
INSERT INTO public.problems (id, pattern_id, title, difficulty, platform, url, order_index) VALUES ('60f3ca19-ced7-4c47-b4ba-e0ce0245caa2', '37564fa7-33d8-44d7-a7af-e8dcdbe00439', 'Binary Tree Cameras', 'Hard', 'LeetCode', 'https://leetcode.com/problems/binary-tree-cameras/description/', 15);
INSERT INTO public.problems (id, pattern_id, title, difficulty, platform, url, order_index) VALUES ('79e96213-0018-44e7-9ec3-7e9a32aa89b4', 'f5e912cf-0b5a-4ea8-b4e7-0cdc1eab0994', 'Minimum Depth of Binary Tree', 'Easy', 'LeetCode', 'https://leetcode.com/problems/minimum-depth-of-binary-tree/', 1);
INSERT INTO public.problems (id, pattern_id, title, difficulty, platform, url, order_index) VALUES ('8e1cc2b9-5017-449e-80ec-bf55ccb32fa8', 'f5e912cf-0b5a-4ea8-b4e7-0cdc1eab0994', 'Average of Levels in Binary Tree', 'Easy', 'LeetCode', 'https://leetcode.com/problems/average-of-levels-in-binary-tree/', 2);
INSERT INTO public.problems (id, pattern_id, title, difficulty, platform, url, order_index) VALUES ('d0b4efcd-360e-4abc-9d33-3a03e8bde7fa', 'f5e912cf-0b5a-4ea8-b4e7-0cdc1eab0994', 'Binary Tree Level Order Traversal', 'Medium', 'LeetCode', 'https://leetcode.com/problems/binary-tree-level-order-traversal/', 3);
INSERT INTO public.problems (id, pattern_id, title, difficulty, platform, url, order_index) VALUES ('b601be48-10c3-4383-96bd-e9723e07c5a8', 'f5e912cf-0b5a-4ea8-b4e7-0cdc1eab0994', 'Binary Tree Zigzag Level Order Traversal', 'Medium', 'LeetCode', 'https://leetcode.com/problems/binary-tree-zigzag-level-order-traversal/', 4);
INSERT INTO public.problems (id, pattern_id, title, difficulty, platform, url, order_index) VALUES ('27823095-4118-419d-92af-f2fd85e83f29', 'f5e912cf-0b5a-4ea8-b4e7-0cdc1eab0994', 'Binary Tree Right Side View', 'Medium', 'LeetCode', 'https://leetcode.com/problems/binary-tree-right-side-view/', 5);
INSERT INTO public.problems (id, pattern_id, title, difficulty, platform, url, order_index) VALUES ('45d6e3d2-c1da-4ea2-b85c-8d1a0d075c6c', '4b518099-7ea8-416b-9de7-5b76595578b0', 'Lowest Common Ancestor of Binary Tree', 'Medium', 'LeetCode', 'https://leetcode.com/problems/lowest-common-ancestor-of-a-binary-tree/', 1);
INSERT INTO public.problems (id, pattern_id, title, difficulty, platform, url, order_index) VALUES ('64df71a1-9739-4650-8dd0-975e547a3360', '4b518099-7ea8-416b-9de7-5b76595578b0', 'Find Distance Between Nodes', 'Medium', 'LeetCode', 'https://leetcode.com/problems/all-nodes-distance-k-in-binary-tree/description/', 2);
INSERT INTO public.problems (id, pattern_id, title, difficulty, platform, url, order_index) VALUES ('84c98a84-8a05-4217-b585-c53d5effd2b9', '4b518099-7ea8-416b-9de7-5b76595578b0', 'Distance Between Two Nodes in a Tree', 'Medium', 'GFG', 'https://www.geeksforgeeks.org/problems/min-distance-between-two-given-nodes-of-a-binary-tree/1', 3);
INSERT INTO public.problems (id, pattern_id, title, difficulty, platform, url, order_index) VALUES ('4882f90e-760d-472f-8cdf-a1b9b4359241', '2d7631b4-2b1a-438f-a3a3-832e56153109', 'Invert Binary Tree', 'Easy', 'LeetCode', 'https://leetcode.com/problems/invert-binary-tree/', 1);
INSERT INTO public.problems (id, pattern_id, title, difficulty, platform, url, order_index) VALUES ('33d38ef6-319e-4aa0-a448-8ee75f45bb83', '2d7631b4-2b1a-438f-a3a3-832e56153109', 'Flatten Binary Tree to Linked List', 'Medium', 'LeetCode', 'https://leetcode.com/problems/flatten-binary-tree-to-linked-list/', 2);
INSERT INTO public.problems (id, pattern_id, title, difficulty, platform, url, order_index) VALUES ('24fa7194-8c6e-41ef-b430-f0137cfa0249', '2d7631b4-2b1a-438f-a3a3-832e56153109', 'Populating Next Right Pointers', 'Medium', 'LeetCode', 'https://leetcode.com/problems/populating-next-right-pointers-in-each-node/description/', 3);
INSERT INTO public.problems (id, pattern_id, title, difficulty, platform, url, order_index) VALUES ('8c444780-8cf0-490a-90ed-65c03c92bba1', '2d7631b4-2b1a-438f-a3a3-832e56153109', 'Construct Binary Tree from Preorder & Inorder', 'Medium', 'LeetCode', 'https://leetcode.com/problems/construct-binary-tree-from-preorder-and-inorder-traversal/description/', 4);
INSERT INTO public.problems (id, pattern_id, title, difficulty, platform, url, order_index) VALUES ('3037b9ee-a96e-4d1c-b608-f4b8520f7636', '2d7631b4-2b1a-438f-a3a3-832e56153109', 'Serialize and Deserialize Binary Tree', 'Hard', 'LeetCode', 'https://leetcode.com/problems/serialize-and-deserialize-binary-tree/', 5);
INSERT INTO public.problems (id, pattern_id, title, difficulty, platform, url, order_index) VALUES ('68399a8d-133c-4f61-bd4d-4a16caeb5bce', '3be92ce8-acdd-4746-bc0c-ffb0a5f6b34a', 'Convert Sorted Array to BST', 'Easy', 'LeetCode', 'https://leetcode.com/problems/convert-sorted-array-to-binary-search-tree/', 1);
INSERT INTO public.problems (id, pattern_id, title, difficulty, platform, url, order_index) VALUES ('0a842b06-5719-44b3-bf1a-bd6bb566a3c3', '3be92ce8-acdd-4746-bc0c-ffb0a5f6b34a', 'Search in a BST', 'Easy', 'LeetCode', 'https://leetcode.com/problems/search-in-a-binary-search-tree/', 2);
INSERT INTO public.problems (id, pattern_id, title, difficulty, platform, url, order_index) VALUES ('b5a3a037-5152-43ef-ac58-8be9039cceb3', '3be92ce8-acdd-4746-bc0c-ffb0a5f6b34a', 'Insert into a BST', 'Medium', 'LeetCode', 'https://leetcode.com/problems/insert-into-a-binary-search-tree/', 3);
INSERT INTO public.problems (id, pattern_id, title, difficulty, platform, url, order_index) VALUES ('9219b366-a2da-4f6e-b376-6650ed9e34e9', '3be92ce8-acdd-4746-bc0c-ffb0a5f6b34a', 'Validate Binary Search Tree', 'Medium', 'LeetCode', 'https://leetcode.com/problems/validate-binary-search-tree/', 4);
INSERT INTO public.problems (id, pattern_id, title, difficulty, platform, url, order_index) VALUES ('55455812-3feb-4cf4-a527-dac51bf14643', '3be92ce8-acdd-4746-bc0c-ffb0a5f6b34a', 'Delete Node in a BST', 'Medium', 'LeetCode', 'https://leetcode.com/problems/delete-node-in-a-bst/description/', 5);
INSERT INTO public.problems (id, pattern_id, title, difficulty, platform, url, order_index) VALUES ('6f94d966-acad-4cb2-a4f9-542b876662f1', '3be92ce8-acdd-4746-bc0c-ffb0a5f6b34a', 'Recover BST', 'Medium', 'LeetCode', 'https://leetcode.com/problems/recover-binary-search-tree/description/', 6);
INSERT INTO public.problems (id, pattern_id, title, difficulty, platform, url, order_index) VALUES ('bcd02e0a-68ef-49e8-abf6-91dceb521d11', '3be92ce8-acdd-4746-bc0c-ffb0a5f6b34a', 'Merge 2 BST', 'Medium', 'LeetCode', 'https://leetcode.com/problems/merge-bsts-to-create-single-bst/description/', 7);
INSERT INTO public.problems (id, pattern_id, title, difficulty, platform, url, order_index) VALUES ('24b234e5-17ce-4cd7-889f-98c89cb1f1c9', '3be92ce8-acdd-4746-bc0c-ffb0a5f6b34a', 'Maximum Sum BST in Binary Tree', 'Medium', 'LeetCode', 'https://leetcode.com/problems/maximum-sum-bst-in-binary-tree/description/', 8);
INSERT INTO public.problems (id, pattern_id, title, difficulty, platform, url, order_index) VALUES ('5f19932a-5e67-4661-8c3b-fd9905df3544', 'd13719cc-d7fc-43c7-bee9-81c80b0663c0', 'Closest Binary Search Tree Value', 'Easy', 'LeetCode', 'https://leetcode.com/problems/closest-binary-search-tree-value/', 1);
INSERT INTO public.problems (id, pattern_id, title, difficulty, platform, url, order_index) VALUES ('107fa55b-b919-46eb-866f-cc4923c1e08d', 'd13719cc-d7fc-43c7-bee9-81c80b0663c0', 'Lowest Common Ancestor of BST', 'Medium', 'LeetCode', 'https://leetcode.com/problems/lowest-common-ancestor-of-a-binary-search-tree/', 2);
INSERT INTO public.problems (id, pattern_id, title, difficulty, platform, url, order_index) VALUES ('013265ae-a87d-4a10-9bcd-21ee556d98c4', 'd13719cc-d7fc-43c7-bee9-81c80b0663c0', 'Distance Between Two Nodes in BST', 'Medium', 'GFG', 'https://www.geeksforgeeks.org/problems/min-distance-between-two-given-nodes-of-a-binary-tree/1', 3);
INSERT INTO public.problems (id, pattern_id, title, difficulty, platform, url, order_index) VALUES ('b3e96ef4-537b-4a9f-a076-699cdc15dd42', 'd13719cc-d7fc-43c7-bee9-81c80b0663c0', 'Closest Leaf in BST', 'Medium', 'GFG', 'https://www.geeksforgeeks.org/problems/find-the-closest-element-in-bst/1', 4);
INSERT INTO public.problems (id, pattern_id, title, difficulty, platform, url, order_index) VALUES ('095ef644-3a33-47ca-93e3-6a874b92242c', '3aac42ed-821a-4a37-bc85-6bff88a5a935', '01 Matrix', 'Medium', 'LeetCode', 'https://leetcode.com/problems/01-matrix/', 1);
INSERT INTO public.problems (id, pattern_id, title, difficulty, platform, url, order_index) VALUES ('11e45146-0d7c-4744-ae70-de0537781c14', '3aac42ed-821a-4a37-bc85-6bff88a5a935', 'Clone Graph', 'Medium', 'LeetCode', 'https://leetcode.com/problems/clone-graph/', 2);
INSERT INTO public.problems (id, pattern_id, title, difficulty, platform, url, order_index) VALUES ('bb602984-4d05-4f08-b0c8-86586bfa9509', '3aac42ed-821a-4a37-bc85-6bff88a5a935', 'Rotting Oranges', 'Medium', 'LeetCode', 'https://leetcode.com/problems/rotting-oranges/', 3);
INSERT INTO public.problems (id, pattern_id, title, difficulty, platform, url, order_index) VALUES ('16218422-5dfd-47f7-b4b4-a3cf9d124c92', '3aac42ed-821a-4a37-bc85-6bff88a5a935', 'Shortest Path in Binary Matrix', 'Medium', 'LeetCode', 'https://leetcode.com/problems/shortest-path-in-binary-matrix/', 4);
INSERT INTO public.problems (id, pattern_id, title, difficulty, platform, url, order_index) VALUES ('7bec5736-ac34-46a0-8c8c-c95e4724c40c', '3aac42ed-821a-4a37-bc85-6bff88a5a935', 'Walls and Gates', 'Medium', 'LeetCode', 'https://leetcode.com/problems/walls-and-gates/', 5);
INSERT INTO public.problems (id, pattern_id, title, difficulty, platform, url, order_index) VALUES ('aaa37d31-c780-402b-8ed4-61eb9857d127', '3aac42ed-821a-4a37-bc85-6bff88a5a935', 'Word Ladder', 'Hard', 'LeetCode', 'https://leetcode.com/problems/word-ladder/', 6);
INSERT INTO public.problems (id, pattern_id, title, difficulty, platform, url, order_index) VALUES ('72e0baed-2787-4476-9ed7-de5b44f5147d', '4f02dc82-36cf-44d7-b7eb-fe850219b326', 'Flood Fill', 'Easy', 'LeetCode', 'https://leetcode.com/problems/flood-fill/description/', 1);
INSERT INTO public.problems (id, pattern_id, title, difficulty, platform, url, order_index) VALUES ('f3415c48-3683-402b-ad22-a5900d6f3268', '4f02dc82-36cf-44d7-b7eb-fe850219b326', 'Number of Islands', 'Medium', 'LeetCode', 'https://leetcode.com/problems/number-of-islands/', 2);
INSERT INTO public.problems (id, pattern_id, title, difficulty, platform, url, order_index) VALUES ('2be46392-5b4e-4dab-9658-48f1fd5e3a2a', '4f02dc82-36cf-44d7-b7eb-fe850219b326', 'All Paths from Source to Target', 'Medium', 'LeetCode', 'https://leetcode.com/problems/all-paths-from-source-to-target/description/', 3);
INSERT INTO public.problems (id, pattern_id, title, difficulty, platform, url, order_index) VALUES ('de505b9a-9b59-43e5-ada5-bc2d54203b2f', '4f02dc82-36cf-44d7-b7eb-fe850219b326', 'Find Eventual Safe States', 'Medium', 'LeetCode', 'https://leetcode.com/problems/find-eventual-safe-states/', 4);
INSERT INTO public.problems (id, pattern_id, title, difficulty, platform, url, order_index) VALUES ('d9afcf7a-1bee-47a0-84f7-7846cafc561a', '4f02dc82-36cf-44d7-b7eb-fe850219b326', 'Number of Provinces', 'Medium', 'LeetCode', 'https://leetcode.com/problems/number-of-provinces/description/', 5);
INSERT INTO public.problems (id, pattern_id, title, difficulty, platform, url, order_index) VALUES ('b88ec2f6-8aa2-4d19-a89a-7f051c9d5c60', '4f02dc82-36cf-44d7-b7eb-fe850219b326', 'Surrounded Regions', 'Medium', 'LeetCode', 'https://leetcode.com/problems/surrounded-regions/', 6);
INSERT INTO public.problems (id, pattern_id, title, difficulty, platform, url, order_index) VALUES ('8ba8b194-ec58-4932-897e-f334b7371bd5', '4f02dc82-36cf-44d7-b7eb-fe850219b326', 'Is Graph Bipartite', 'Medium', 'LeetCode', 'https://leetcode.com/problems/is-graph-bipartite/description/', 7);
INSERT INTO public.problems (id, pattern_id, title, difficulty, platform, url, order_index) VALUES ('0e7d1033-1514-4e58-9cbc-04d00123db86', '4f02dc82-36cf-44d7-b7eb-fe850219b326', 'Directed Cycle Detection', 'Medium', 'GFG', 'https://www.geeksforgeeks.org/problems/detect-cycle-in-a-directed-graph/1', 8);
INSERT INTO public.problems (id, pattern_id, title, difficulty, platform, url, order_index) VALUES ('2ccfbc6c-c6d2-497b-8124-d21a01c7ae46', '4f02dc82-36cf-44d7-b7eb-fe850219b326', 'Undirected Cycle Detection', 'Medium', 'GFG', 'https://www.geeksforgeeks.org/problems/detect-cycle-in-an-undirected-graph/1', 9);
INSERT INTO public.problems (id, pattern_id, title, difficulty, platform, url, order_index) VALUES ('a5d739e7-2917-47c0-8850-4a2c68568c91', '4f02dc82-36cf-44d7-b7eb-fe850219b326', 'Longest Cycle in a Graph', 'Hard', 'LeetCode', 'https://leetcode.com/problems/longest-cycle-in-a-graph/description/', 10);
INSERT INTO public.problems (id, pattern_id, title, difficulty, platform, url, order_index) VALUES ('b8722bfb-235a-49f0-a2e4-953a9c0377ae', '4f02dc82-36cf-44d7-b7eb-fe850219b326', 'Articulation Points', 'Hard', 'GFG', 'https://www.geeksforgeeks.org/problems/articulation-point-1/1', 11);
INSERT INTO public.problems (id, pattern_id, title, difficulty, platform, url, order_index) VALUES ('0097ed90-8afd-486d-875b-22193290c97d', '4f02dc82-36cf-44d7-b7eb-fe850219b326', 'Bridges in Graph / Critical Connections', 'Hard', 'LeetCode', 'https://leetcode.com/problems/critical-connections-in-a-network/description/', 12);
INSERT INTO public.problems (id, pattern_id, title, difficulty, platform, url, order_index) VALUES ('ce591735-87e2-41f4-92cd-6221b7618a51', '44811609-efc2-482b-9bf4-82b444dce2a1', 'Task Scheduling with Dependencies (Prerequisite Tasks)', 'Medium', 'LeetCode', 'https://leetcode.com/problems/course-schedule/description/', 1);
INSERT INTO public.problems (id, pattern_id, title, difficulty, platform, url, order_index) VALUES ('2ec22f56-3a6b-46b2-86a8-ddde1ba3e18f', '44811609-efc2-482b-9bf4-82b444dce2a1', 'Course Schedule', 'Medium', 'LeetCode', 'https://leetcode.com/problems/course-schedule/description/', 2);
INSERT INTO public.problems (id, pattern_id, title, difficulty, platform, url, order_index) VALUES ('7cf95711-9729-431d-acd9-c97fc8c714c7', '44811609-efc2-482b-9bf4-82b444dce2a1', 'Course Schedule II', 'Medium', 'LeetCode', 'https://leetcode.com/problems/course-schedule-ii/', 3);
INSERT INTO public.problems (id, pattern_id, title, difficulty, platform, url, order_index) VALUES ('78daa171-081c-49fa-a68b-c356f2976d55', '44811609-efc2-482b-9bf4-82b444dce2a1', 'Find Eventual Safe States', 'Medium', 'LeetCode', 'https://leetcode.com/problems/find-eventual-safe-states/description/', 4);
INSERT INTO public.problems (id, pattern_id, title, difficulty, platform, url, order_index) VALUES ('5aee9311-8174-4396-a72b-892e6ff50841', '44811609-efc2-482b-9bf4-82b444dce2a1', 'Cycle Detection in Directed Graph', 'Medium', 'GFG', 'https://www.geeksforgeeks.org/problems/detect-cycle-in-a-directed-graph/1', 5);
INSERT INTO public.problems (id, pattern_id, title, difficulty, platform, url, order_index) VALUES ('ba0f8de0-5ebe-44bf-9cbc-90148c685106', '44811609-efc2-482b-9bf4-82b444dce2a1', 'Alien Dictionary', 'Hard', 'LeetCode', 'https://leetcode.com/problems/alien-dictionary/', 6);
INSERT INTO public.problems (id, pattern_id, title, difficulty, platform, url, order_index) VALUES ('8b936a19-4f97-4e96-a68b-ef63ace213ad', '44811609-efc2-482b-9bf4-82b444dce2a1', 'Reconstruct Itinerary', 'Hard', 'LeetCode', 'https://leetcode.com/problems/reconstruct-itinerary/description/', 7);
INSERT INTO public.problems (id, pattern_id, title, difficulty, platform, url, order_index) VALUES ('f2a71b2f-33f5-4c54-8097-0e228c24f0bc', '1c9ed5f9-2713-483a-ac89-24858ed19f4e', 'Minimum Spanning Tree', 'Medium', 'GFG', 'https://www.geeksforgeeks.org/problems/minimum-spanning-tree/1', 1);
INSERT INTO public.problems (id, pattern_id, title, difficulty, platform, url, order_index) VALUES ('ec10f203-c41a-4e7b-a058-62a37dde8cb4', '1c9ed5f9-2713-483a-ac89-24858ed19f4e', 'Kruskal’s Algorithm', 'Medium', 'GFG', 'https://www.geeksforgeeks.org/problems/minimum-spanning-tree-kruskals-algorithm/1', 2);
INSERT INTO public.problems (id, pattern_id, title, difficulty, platform, url, order_index) VALUES ('fe775d99-1fff-4f4c-9341-2605e5de6915', '1c9ed5f9-2713-483a-ac89-24858ed19f4e', 'Lexicographically Smallest Equivalent String', 'Medium', 'LeetCode', 'https://leetcode.com/problems/lexicographically-smallest-equivalent-string/description/', 3);
INSERT INTO public.problems (id, pattern_id, title, difficulty, platform, url, order_index) VALUES ('57502c96-8c5f-4164-b439-00d9edad4b7d', '1c9ed5f9-2713-483a-ac89-24858ed19f4e', 'Number of Complete Components', 'Medium', 'LeetCode', 'https://leetcode.com/problems/count-the-number-of-complete-components/description/', 4);
INSERT INTO public.problems (id, pattern_id, title, difficulty, platform, url, order_index) VALUES ('ecef8f9d-fbf4-417f-bf62-40b8c60d3b2d', '1c9ed5f9-2713-483a-ac89-24858ed19f4e', 'Redundant Connection', 'Medium', 'LeetCode', 'https://leetcode.com/problems/redundant-connection/', 5);
INSERT INTO public.problems (id, pattern_id, title, difficulty, platform, url, order_index) VALUES ('116a0f6c-fa68-4b00-849e-acea08f80587', '1c9ed5f9-2713-483a-ac89-24858ed19f4e', 'Connecting Cities With Minimum Cost', 'Medium', 'LeetCode', 'https://leetcode.com/problems/min-cost-to-connect-all-points/description/', 6);
INSERT INTO public.problems (id, pattern_id, title, difficulty, platform, url, order_index) VALUES ('75e4c535-48c4-486d-8e85-6bd1031f9fec', '1c9ed5f9-2713-483a-ac89-24858ed19f4e', 'Accounts Merge', 'Medium', 'LeetCode', 'https://leetcode.com/problems/accounts-merge/description/', 7);
INSERT INTO public.problems (id, pattern_id, title, difficulty, platform, url, order_index) VALUES ('764965cd-3541-4bd2-962a-bce6ea038e3d', 'f3ecac70-2b9b-49d0-a417-3b74267a24ac', 'Dijkstra Implementation', 'Medium', 'GFG', 'https://www.geeksforgeeks.org/problems/implementing-dijkstra-set-1-adjacency-matrix/1', 1);
INSERT INTO public.problems (id, pattern_id, title, difficulty, platform, url, order_index) VALUES ('9a8f3b44-f6f8-4473-9504-dcf7837395ca', 'f3ecac70-2b9b-49d0-a417-3b74267a24ac', 'Shortest Path in Weighted Graph', 'Medium', 'GFG', 'https://www.geeksforgeeks.org/problems/shortest-path-in-weighted-undirected-graph/1', 2);
INSERT INTO public.problems (id, pattern_id, title, difficulty, platform, url, order_index) VALUES ('6a4069bf-f00b-4d77-8f90-0b05b5a6f894', 'f3ecac70-2b9b-49d0-a417-3b74267a24ac', 'Minimum Path Cost in Grid', 'Medium', 'LeetCode', 'https://leetcode.com/problems/minimum-path-cost-in-a-grid/description/', 3);
INSERT INTO public.problems (id, pattern_id, title, difficulty, platform, url, order_index) VALUES ('0c147997-8624-478c-b97c-88dd4c87d867', 'f3ecac70-2b9b-49d0-a417-3b74267a24ac', 'Network Delay Time', 'Medium', 'LeetCode', 'https://leetcode.com/problems/network-delay-time/', 4);
INSERT INTO public.problems (id, pattern_id, title, difficulty, platform, url, order_index) VALUES ('79217f7d-9a5e-4c66-8bf3-2e8697f4131e', 'f3ecac70-2b9b-49d0-a417-3b74267a24ac', 'Cheapest Flights Within K Stops', 'Medium', 'LeetCode', 'https://leetcode.com/problems/cheapest-flights-within-k-stops/', 5);
INSERT INTO public.problems (id, pattern_id, title, difficulty, platform, url, order_index) VALUES ('59bdb798-57ae-405e-9996-117b0d972a9d', 'f3ecac70-2b9b-49d0-a417-3b74267a24ac', 'Swim in Rising Water', 'Medium', 'LeetCode', 'https://leetcode.com/problems/swim-in-rising-water/description/', 6);
INSERT INTO public.problems (id, pattern_id, title, difficulty, platform, url, order_index) VALUES ('bedb0bbb-9482-4b09-8064-9ca7be035e4b', 'f3ecac70-2b9b-49d0-a417-3b74267a24ac', 'Path With Minimum Effort', 'Medium', 'LeetCode', 'https://leetcode.com/problems/path-with-minimum-effort/', 7);
INSERT INTO public.problems (id, pattern_id, title, difficulty, platform, url, order_index) VALUES ('f05e1990-3602-45db-8922-9a52805b00f9', '95f1d0dd-3086-4bc8-95b9-fc2e2d31a3bb', 'Negative Weight Cycle Detection', 'Medium', 'GFG', 'https://www.geeksforgeeks.org/problems/negative-weight-cycle3504/1', 1);
INSERT INTO public.problems (id, pattern_id, title, difficulty, platform, url, order_index) VALUES ('27bd82a2-2830-454d-95cc-9b24df97297d', '95f1d0dd-3086-4bc8-95b9-fc2e2d31a3bb', 'Cheapest Flights Within K Stops', 'Medium', 'LeetCode', 'https://leetcode.com/problems/cheapest-flights-within-k-stops/description/', 2);
INSERT INTO public.problems (id, pattern_id, title, difficulty, platform, url, order_index) VALUES ('ad627111-72a8-4dae-b6e6-5855af96a940', '95f1d0dd-3086-4bc8-95b9-fc2e2d31a3bb', 'Find the City With the Smallest Number of Neighbors at a Threshold Distance', 'Medium', 'LeetCode', 'https://leetcode.com/problems/find-the-city-with-the-smallest-number-of-neighbors-at-a-threshold-distance/description/', 3);
INSERT INTO public.problems (id, pattern_id, title, difficulty, platform, url, order_index) VALUES ('7eaad082-73eb-428b-8718-bb4319740ecf', '328b62b6-c399-45d6-8ece-9610793a3987', 'Transitive Closure', 'Medium', 'GFG', 'https://www.geeksforgeeks.org/problems/transitive-closure-of-a-graph/1', 1);
INSERT INTO public.problems (id, pattern_id, title, difficulty, platform, url, order_index) VALUES ('102cbf7e-f153-48a8-824b-c15086ff523a', '328b62b6-c399-45d6-8ece-9610793a3987', 'All-Pairs Shortest Path', 'Medium', 'GFG', 'https://www.geeksforgeeks.org/problems/implementing-floyd-warshall2042/1', 2);
INSERT INTO public.problems (id, pattern_id, title, difficulty, platform, url, order_index) VALUES ('8e6d885e-fb35-4e1c-8448-82f31c2e3207', '328b62b6-c399-45d6-8ece-9610793a3987', 'Detect Negative Cycle Using Floyd-Warshall', 'Medium', 'GFG', 'https://www.geeksforgeeks.org/problems/negative-weight-cycle3504/1', 3);
INSERT INTO public.problems (id, pattern_id, title, difficulty, platform, url, order_index) VALUES ('f6ba0e5a-408c-4237-894f-d26f22303c37', '0ebf11d0-8be0-44cb-bab9-8fb78d370b03', 'Subsets', 'Medium', 'LeetCode', 'https://leetcode.com/problems/subsets/description/', 1);
INSERT INTO public.problems (id, pattern_id, title, difficulty, platform, url, order_index) VALUES ('ec203913-a042-4c0d-8d9f-d562cf85982f', '0ebf11d0-8be0-44cb-bab9-8fb78d370b03', 'Subsets II', 'Medium', 'LeetCode', 'https://leetcode.com/problems/subsets-ii/description/', 2);
INSERT INTO public.problems (id, pattern_id, title, difficulty, platform, url, order_index) VALUES ('9c0d7576-09b5-46d7-bd65-d8aaf45e2583', '0ebf11d0-8be0-44cb-bab9-8fb78d370b03', 'Combination Sum', 'Medium', 'LeetCode', 'https://leetcode.com/problems/combination-sum/description/', 3);
INSERT INTO public.problems (id, pattern_id, title, difficulty, platform, url, order_index) VALUES ('554723ca-3a5c-4546-8b9d-e949627f31ad', '0ebf11d0-8be0-44cb-bab9-8fb78d370b03', 'Combination Sum II', 'Medium', 'LeetCode', 'https://leetcode.com/problems/combination-sum-ii/description/', 4);
INSERT INTO public.problems (id, pattern_id, title, difficulty, platform, url, order_index) VALUES ('ee25edc5-6cf0-4427-a149-e32236db9443', '0ebf11d0-8be0-44cb-bab9-8fb78d370b03', 'Permutations', 'Medium', 'LeetCode', 'https://leetcode.com/problems/permutations/description/', 5);
INSERT INTO public.problems (id, pattern_id, title, difficulty, platform, url, order_index) VALUES ('66424736-b406-4e1a-ae28-747079665ffd', '0ebf11d0-8be0-44cb-bab9-8fb78d370b03', 'Permutations II', 'Medium', 'LeetCode', 'https://leetcode.com/problems/permutations-ii/description/', 6);
INSERT INTO public.problems (id, pattern_id, title, difficulty, platform, url, order_index) VALUES ('134281ba-5985-4dfd-897b-9b88d4308598', '0ebf11d0-8be0-44cb-bab9-8fb78d370b03', 'Next Permutation', 'Medium', 'LeetCode', 'https://leetcode.com/problems/next-permutation/description/', 7);
INSERT INTO public.problems (id, pattern_id, title, difficulty, platform, url, order_index) VALUES ('adca8d48-0fe7-4d45-bbfb-64779b908192', '0ebf11d0-8be0-44cb-bab9-8fb78d370b03', 'Generate Parentheses', 'Medium', 'LeetCode', 'https://leetcode.com/problems/generate-parentheses/description/', 8);
INSERT INTO public.problems (id, pattern_id, title, difficulty, platform, url, order_index) VALUES ('ad9fca6d-ff9e-4ce5-b8b8-e4e9e7b49928', '0ebf11d0-8be0-44cb-bab9-8fb78d370b03', 'Palindrome Partitioning', 'Medium', 'LeetCode', 'https://leetcode.com/problems/palindrome-partitioning/', 9);
INSERT INTO public.problems (id, pattern_id, title, difficulty, platform, url, order_index) VALUES ('aa81a319-01e9-440f-9908-29459521710b', '0ebf11d0-8be0-44cb-bab9-8fb78d370b03', 'Restore IP Addresses', 'Medium', 'LeetCode', 'https://leetcode.com/problems/restore-ip-addresses/', 10);
INSERT INTO public.problems (id, pattern_id, title, difficulty, platform, url, order_index) VALUES ('27e87bfb-fcf0-4b08-b95a-2bd0f494f0cd', 'a20b2306-c011-48f2-8ec8-b20c2af17824', 'Graph Coloring (M-Coloring Problem)', 'Medium', 'GFG', 'https://www.geeksforgeeks.org/problems/m-coloring-problem-1587115620/1', 1);
INSERT INTO public.problems (id, pattern_id, title, difficulty, platform, url, order_index) VALUES ('44b82a29-51dc-4c3e-a18c-0a30a189aef1', 'a20b2306-c011-48f2-8ec8-b20c2af17824', 'Knight’s Tour / Knight Walk', 'Medium', 'GFG', 'https://www.geeksforgeeks.org/problems/knight-walk4521/1', 2);
INSERT INTO public.problems (id, pattern_id, title, difficulty, platform, url, order_index) VALUES ('58ad9c42-9933-48fc-bf63-85b6a652cc1a', 'a20b2306-c011-48f2-8ec8-b20c2af17824', 'Partition to K Equal Sum Subsets', 'Medium', 'LeetCode', 'https://leetcode.com/problems/partition-to-k-equal-sum-subsets/', 3);
INSERT INTO public.problems (id, pattern_id, title, difficulty, platform, url, order_index) VALUES ('a8a1e96f-955c-4fae-b0d1-f222040c905d', 'a20b2306-c011-48f2-8ec8-b20c2af17824', 'N-Queens', 'Hard', 'LeetCode', 'https://leetcode.com/problems/n-queens/description/', 4);
INSERT INTO public.problems (id, pattern_id, title, difficulty, platform, url, order_index) VALUES ('20910e1c-1dab-4434-8ef6-c565c9460800', 'a20b2306-c011-48f2-8ec8-b20c2af17824', 'N-Queens II', 'Hard', 'LeetCode', 'https://leetcode.com/problems/n-queens-ii/description/', 5);
INSERT INTO public.problems (id, pattern_id, title, difficulty, platform, url, order_index) VALUES ('8483f119-c6fc-45fc-8e3a-d9edd888968b', '1ae1e511-4887-4f08-91e2-2e69a07373cc', 'Rat in a Maze', 'Medium', 'GFG', 'https://www.geeksforgeeks.org/problems/rat-in-a-maze-problem/1', 1);
INSERT INTO public.problems (id, pattern_id, title, difficulty, platform, url, order_index) VALUES ('89c75e60-bf62-49d1-80f0-b31a5c03adde', '1ae1e511-4887-4f08-91e2-2e69a07373cc', 'Path with Maximum Gold', 'Medium', 'LeetCode', 'https://leetcode.com/problems/path-with-maximum-gold/', 2);
INSERT INTO public.problems (id, pattern_id, title, difficulty, platform, url, order_index) VALUES ('4d44982e-5bc1-45e5-b0a0-7224479db9d6', '1ae1e511-4887-4f08-91e2-2e69a07373cc', 'Sudoku Solver', 'Hard', 'LeetCode', 'https://leetcode.com/problems/sudoku-solver/', 3);
INSERT INTO public.problems (id, pattern_id, title, difficulty, platform, url, order_index) VALUES ('bc29afc8-b2b8-4cde-84dd-245fcf159d5f', '1ae1e511-4887-4f08-91e2-2e69a07373cc', 'Word Search II', 'Hard', 'LeetCode', 'https://leetcode.com/problems/word-search-ii/', 4);
INSERT INTO public.problems (id, pattern_id, title, difficulty, platform, url, order_index) VALUES ('85551afb-0537-42c7-b9fa-c68f0b73421f', '1ae1e511-4887-4f08-91e2-2e69a07373cc', 'Unique Paths III', 'Hard', 'LeetCode', 'https://leetcode.com/problems/unique-paths-iii/', 5);
INSERT INTO public.problems (id, pattern_id, title, difficulty, platform, url, order_index) VALUES ('530a4c0b-0d8c-44b1-9708-5c38faabdc59', 'c30ce36d-b95d-4819-9c1f-c71543a02e19', 'Letter Combinations of a Phone Number', 'Medium', 'LeetCode', 'https://leetcode.com/problems/letter-combinations-of-a-phone-number/description/', 1);
INSERT INTO public.problems (id, pattern_id, title, difficulty, platform, url, order_index) VALUES ('a88baaa2-de77-4489-b028-11515bb034e6', 'c30ce36d-b95d-4819-9c1f-c71543a02e19', 'All Possible Full Binary Trees', 'Medium', 'LeetCode', 'https://leetcode.com/problems/all-possible-full-binary-trees/description/', 2);
INSERT INTO public.problems (id, pattern_id, title, difficulty, platform, url, order_index) VALUES ('dd335bb1-a940-4494-955c-c7d36a8d0552', 'c30ce36d-b95d-4819-9c1f-c71543a02e19', 'Expression Add Operators', 'Hard', 'LeetCode', 'https://leetcode.com/problems/expression-add-operators/', 3);
INSERT INTO public.problems (id, pattern_id, title, difficulty, platform, url, order_index) VALUES ('f35cebb8-646b-4529-aa0d-2b1c5f6915ff', 'c30ce36d-b95d-4819-9c1f-c71543a02e19', 'Word Break II', 'Hard', 'LeetCode', 'https://leetcode.com/problems/word-break-ii/description/', 4);
INSERT INTO public.problems (id, pattern_id, title, difficulty, platform, url, order_index) VALUES ('54afa77a-a08e-436b-b7cb-8bd28bdbf04e', '88f79dd5-1df4-4708-91dc-0c4b3a5414af', 'Activity Selection Problem', 'Easy', 'GFG', 'https://www.geeksforgeeks.org/problems/activity-selection-1587115620/1', 1);
INSERT INTO public.problems (id, pattern_id, title, difficulty, platform, url, order_index) VALUES ('291d4db0-0d37-429d-b47d-d73f7f98c0ca', '88f79dd5-1df4-4708-91dc-0c4b3a5414af', 'Merge Intervals', 'Medium', 'LeetCode', 'https://leetcode.com/problems/merge-intervals/description/', 2);
INSERT INTO public.problems (id, pattern_id, title, difficulty, platform, url, order_index) VALUES ('9389fb59-1fc2-4340-b446-5db6398e94ea', '88f79dd5-1df4-4708-91dc-0c4b3a5414af', 'Insert Interval', 'Medium', 'LeetCode', 'https://leetcode.com/problems/insert-interval/', 3);
INSERT INTO public.problems (id, pattern_id, title, difficulty, platform, url, order_index) VALUES ('40372f9d-31ba-4fe2-981a-1e155ce5a057', '88f79dd5-1df4-4708-91dc-0c4b3a5414af', 'Non-overlapping Intervals', 'Medium', 'LeetCode', 'https://leetcode.com/problems/non-overlapping-intervals/', 4);
INSERT INTO public.problems (id, pattern_id, title, difficulty, platform, url, order_index) VALUES ('c68e9bc7-7bd8-4b61-84f8-76654ceeed51', '88f79dd5-1df4-4708-91dc-0c4b3a5414af', 'Meeting Rooms II', 'Medium', 'LeetCode', 'https://leetcode.com/problems/meeting-rooms-ii/', 5);
INSERT INTO public.problems (id, pattern_id, title, difficulty, platform, url, order_index) VALUES ('4526aadf-ec44-4199-a51f-e3219eb3a8d9', '88f79dd5-1df4-4708-91dc-0c4b3a5414af', 'Minimum Number of Arrows to Burst Balloons', 'Medium', 'LeetCode', 'https://leetcode.com/problems/minimum-number-of-arrows-to-burst-balloons/', 6);
INSERT INTO public.problems (id, pattern_id, title, difficulty, platform, url, order_index) VALUES ('16148e5d-812c-4674-aeec-01912ae862d4', '88f79dd5-1df4-4708-91dc-0c4b3a5414af', 'Jump Game', 'Medium', 'LeetCode', 'https://leetcode.com/problems/jump-game/', 7);
INSERT INTO public.problems (id, pattern_id, title, difficulty, platform, url, order_index) VALUES ('d44d5f60-e9ae-4390-9652-a405a8ac8c3c', '88f79dd5-1df4-4708-91dc-0c4b3a5414af', 'Jump Game II', 'Medium', 'LeetCode', 'https://leetcode.com/problems/jump-game-ii/', 8);
INSERT INTO public.problems (id, pattern_id, title, difficulty, platform, url, order_index) VALUES ('ba85fa6b-e6e4-4534-a644-acb2ba003f3e', '88f79dd5-1df4-4708-91dc-0c4b3a5414af', 'Car Pooling', 'Medium', 'LeetCode', 'https://leetcode.com/problems/car-pooling/', 9);
INSERT INTO public.problems (id, pattern_id, title, difficulty, platform, url, order_index) VALUES ('9d36471b-f93f-4fa0-b6e1-a4d6e24d818c', '88f79dd5-1df4-4708-91dc-0c4b3a5414af', 'Minimum Number of Taps to Water a Garden', 'Hard', 'LeetCode', 'https://leetcode.com/problems/minimum-number-of-taps-to-open-to-water-a-garden/description/', 10);
INSERT INTO public.problems (id, pattern_id, title, difficulty, platform, url, order_index) VALUES ('126f7661-f314-4161-aeb2-6e5ae418c644', 'c3766f1e-f22e-4a0f-86e0-999b0642a864', 'Maximum Units on a Truck', 'Easy', 'LeetCode', 'https://leetcode.com/problems/maximum-units-on-a-truck/', 1);
INSERT INTO public.problems (id, pattern_id, title, difficulty, platform, url, order_index) VALUES ('d2df1e60-b06a-4d39-8574-261cfbd90298', 'c3766f1e-f22e-4a0f-86e0-999b0642a864', 'Largest Number', 'Medium', 'LeetCode', 'https://leetcode.com/problems/largest-number/', 2);
INSERT INTO public.problems (id, pattern_id, title, difficulty, platform, url, order_index) VALUES ('eaaf8d61-840d-413c-9eba-a03d81a3c705', 'c3766f1e-f22e-4a0f-86e0-999b0642a864', 'Fractional Knapsack', 'Medium', 'GFG', 'https://www.geeksforgeeks.org/problems/fractional-knapsack-1587115620/1', 3);
INSERT INTO public.problems (id, pattern_id, title, difficulty, platform, url, order_index) VALUES ('13c50305-ac1d-4ae8-b0e5-3fc35f612433', 'c3766f1e-f22e-4a0f-86e0-999b0642a864', 'Partition Labels', 'Medium', 'LeetCode', 'https://leetcode.com/problems/partition-labels/', 4);
INSERT INTO public.problems (id, pattern_id, title, difficulty, platform, url, order_index) VALUES ('e450332d-695b-43ab-9865-c6635ae1d747', 'c3766f1e-f22e-4a0f-86e0-999b0642a864', 'Minimum Cost to Connect Sticks', 'Medium', 'LeetCode', 'https://leetcode.com/problems/minimum-cost-to-connect-sticks/', 5);
INSERT INTO public.problems (id, pattern_id, title, difficulty, platform, url, order_index) VALUES ('2fdaf178-6846-48e7-a735-b43655c206e7', 'c3766f1e-f22e-4a0f-86e0-999b0642a864', 'Task Scheduler', 'Medium', 'LeetCode', 'https://leetcode.com/problems/task-scheduler/', 6);
INSERT INTO public.problems (id, pattern_id, title, difficulty, platform, url, order_index) VALUES ('5176e256-3a2c-4ae8-ad17-c6cf30f384c2', 'c3766f1e-f22e-4a0f-86e0-999b0642a864', 'Minimum Platforms', 'Medium', 'GFG', 'https://www.geeksforgeeks.org/problems/minimum-platforms-1587115620/1', 7);
INSERT INTO public.problems (id, pattern_id, title, difficulty, platform, url, order_index) VALUES ('c332d548-058b-4c71-bb4c-70ec84e8145c', 'c3766f1e-f22e-4a0f-86e0-999b0642a864', 'Candy', 'Hard', 'LeetCode', 'https://leetcode.com/problems/candy/', 8);
INSERT INTO public.problems (id, pattern_id, title, difficulty, platform, url, order_index) VALUES ('fff049b4-a029-4b03-845a-53f7f7de19ad', '0d345694-0593-4e9a-a560-255f74098373', 'Climbing Stairs', 'Easy', 'LeetCode', 'https://leetcode.com/problems/climbing-stairs/', 1);
INSERT INTO public.problems (id, pattern_id, title, difficulty, platform, url, order_index) VALUES ('f729e773-5210-45b4-b814-5b36f995a859', '0d345694-0593-4e9a-a560-255f74098373', 'House Robber', 'Medium', 'LeetCode', 'https://leetcode.com/problems/house-robber/', 2);
INSERT INTO public.problems (id, pattern_id, title, difficulty, platform, url, order_index) VALUES ('170ab2ed-e075-488e-a745-fe80e7987635', '0d345694-0593-4e9a-a560-255f74098373', 'Maximum Subarray', 'Medium', 'LeetCode', 'https://leetcode.com/problems/maximum-subarray/', 3);
INSERT INTO public.problems (id, pattern_id, title, difficulty, platform, url, order_index) VALUES ('45579fb3-b7a7-4fde-93ad-0f7c77f7c67f', '0d345694-0593-4e9a-a560-255f74098373', 'Maximum Product Subarray', 'Medium', 'LeetCode', 'https://leetcode.com/problems/maximum-product-subarray/', 4);
INSERT INTO public.problems (id, pattern_id, title, difficulty, platform, url, order_index) VALUES ('851cd6ff-d5a1-4c74-a40a-6200f8a2349f', '0d345694-0593-4e9a-a560-255f74098373', 'Decode Ways', 'Medium', 'LeetCode', 'https://leetcode.com/problems/decode-ways/', 5);
INSERT INTO public.problems (id, pattern_id, title, difficulty, platform, url, order_index) VALUES ('7d5b8993-25a1-43c9-aa80-14a95a990385', 'eb8ae38f-38a6-4348-be36-dc75b16dbcbf', 'Running Sum 2D Array', 'Easy', 'LeetCode', 'https://leetcode.com/problems/range-sum-query-2d-immutable/description/', 1);
INSERT INTO public.problems (id, pattern_id, title, difficulty, platform, url, order_index) VALUES ('e9be015f-ca60-4978-841c-089b15d5231c', 'eb8ae38f-38a6-4348-be36-dc75b16dbcbf', 'Unique Paths', 'Medium', 'LeetCode', 'https://leetcode.com/problems/unique-paths/', 2);
INSERT INTO public.problems (id, pattern_id, title, difficulty, platform, url, order_index) VALUES ('192a7da5-eaf4-4869-b9b3-148a924aa0a8', 'eb8ae38f-38a6-4348-be36-dc75b16dbcbf', 'Unique Paths II', 'Medium', 'LeetCode', 'https://leetcode.com/problems/unique-paths-ii/description/', 3);
INSERT INTO public.problems (id, pattern_id, title, difficulty, platform, url, order_index) VALUES ('39acfee3-7422-43e3-9d06-59046502e605', 'eb8ae38f-38a6-4348-be36-dc75b16dbcbf', 'Minimum Path Sum', 'Medium', 'LeetCode', 'https://leetcode.com/problems/minimum-path-sum/', 4);
INSERT INTO public.problems (id, pattern_id, title, difficulty, platform, url, order_index) VALUES ('abcd7715-f57f-49a2-9f24-fb4e6652ddc7', 'eb8ae38f-38a6-4348-be36-dc75b16dbcbf', 'Maximum Path Sum in Grid', 'Medium', 'GFG', 'https://www.geeksforgeeks.org/problems/path-in-matrix3805/1', 5);
INSERT INTO public.problems (id, pattern_id, title, difficulty, platform, url, order_index) VALUES ('945ecb22-6166-437c-a78d-78e768e4e838', 'eb8ae38f-38a6-4348-be36-dc75b16dbcbf', 'Minimum Falling Path Sum', 'Medium', 'LeetCode', 'https://leetcode.com/problems/minimum-falling-path-sum/', 6);
INSERT INTO public.problems (id, pattern_id, title, difficulty, platform, url, order_index) VALUES ('27cf4bf0-fd50-4c98-b41a-8e576661fc27', 'eb8ae38f-38a6-4348-be36-dc75b16dbcbf', 'Dungeon Game', 'Hard', 'LeetCode', 'https://leetcode.com/problems/dungeon-game/', 7);
INSERT INTO public.problems (id, pattern_id, title, difficulty, platform, url, order_index) VALUES ('4bdb09ae-0cd8-4b30-b9c8-b5a1489655b4', 'eb8ae38f-38a6-4348-be36-dc75b16dbcbf', 'Cherry Pickup', 'Hard', 'LeetCode', 'https://leetcode.com/problems/cherry-pickup/', 8);
INSERT INTO public.problems (id, pattern_id, title, difficulty, platform, url, order_index) VALUES ('07e8ff0b-8e56-45e2-8969-f488985a2664', 'f95b7983-18a5-419c-8494-954bb7daf7d3', 'Longest Common Subsequence', 'Medium', 'LeetCode', 'https://leetcode.com/problems/longest-common-subsequence/', 1);
INSERT INTO public.problems (id, pattern_id, title, difficulty, platform, url, order_index) VALUES ('762bcf8d-3e84-444d-acca-bf6f68e2633d', 'f95b7983-18a5-419c-8494-954bb7daf7d3', 'Longest Palindromic Subsequence', 'Medium', 'LeetCode', 'https://leetcode.com/problems/longest-palindromic-subsequence/', 2);
INSERT INTO public.problems (id, pattern_id, title, difficulty, platform, url, order_index) VALUES ('2959940a-dfc1-4397-9ef0-82a223dfd746', 'f95b7983-18a5-419c-8494-954bb7daf7d3', 'Minimum Insertions to Make String Palindrome', 'Medium', 'LeetCode', 'https://leetcode.com/problems/minimum-insertion-steps-to-make-a-string-palindrome/description/', 3);
INSERT INTO public.problems (id, pattern_id, title, difficulty, platform, url, order_index) VALUES ('548b7610-860c-47f9-be36-1828d77021ad', 'f95b7983-18a5-419c-8494-954bb7daf7d3', 'Minimum Number of Insertions and Deletions', 'Medium', 'LeetCode', 'https://leetcode.com/problems/delete-operation-for-two-strings/description/', 4);
INSERT INTO public.problems (id, pattern_id, title, difficulty, platform, url, order_index) VALUES ('b3777c0f-0c91-4432-8da1-eee8d9501b7c', 'f95b7983-18a5-419c-8494-954bb7daf7d3', 'Edit Distance', 'Medium', 'LeetCode', 'https://leetcode.com/problems/edit-distance/', 5);
INSERT INTO public.problems (id, pattern_id, title, difficulty, platform, url, order_index) VALUES ('11d556dc-0f24-4f0b-af03-277c95d8c91d', 'f95b7983-18a5-419c-8494-954bb7daf7d3', 'Shortest Common Supersequence', 'Medium', 'LeetCode', 'https://leetcode.com/problems/shortest-common-supersequence/description/', 6);
INSERT INTO public.problems (id, pattern_id, title, difficulty, platform, url, order_index) VALUES ('9d420ae0-9600-41f5-9631-8d01b7ed910c', 'f95b7983-18a5-419c-8494-954bb7daf7d3', 'Regular Expression Matching', 'Hard', 'LeetCode', 'https://leetcode.com/problems/regular-expression-matching/', 7);
INSERT INTO public.problems (id, pattern_id, title, difficulty, platform, url, order_index) VALUES ('64e212bd-492a-4478-9f16-01c2fdc1ae36', 'f95b7983-18a5-419c-8494-954bb7daf7d3', 'Distinct Subsequences', 'Hard', 'LeetCode', 'https://leetcode.com/problems/distinct-subsequences/', 8);
INSERT INTO public.problems (id, pattern_id, title, difficulty, platform, url, order_index) VALUES ('a270d3cc-3d3d-4a74-9a75-c7c8dcef626c', 'f95b7983-18a5-419c-8494-954bb7daf7d3', 'Palindrome Partitioning II', 'Hard', 'LeetCode', 'https://leetcode.com/problems/palindrome-partitioning-ii/description/', 9);
INSERT INTO public.problems (id, pattern_id, title, difficulty, platform, url, order_index) VALUES ('45962d44-4862-4d1a-abaf-4deaa8378325', 'f95b7983-18a5-419c-8494-954bb7daf7d3', 'Scramble String', 'Hard', 'LeetCode', 'https://leetcode.com/problems/scramble-string/description/', 10);
INSERT INTO public.problems (id, pattern_id, title, difficulty, platform, url, order_index) VALUES ('64f90156-38ef-4c0d-8143-f84b5209b86b', 'dbb0cf67-5a55-4beb-bec7-244c725e9217', 'Matrix Chain Multiplication (MCM)', 'Medium', 'GFG', 'https://www.geeksforgeeks.org/problems/matrix-chain-multiplication0303/1', 1);
INSERT INTO public.problems (id, pattern_id, title, difficulty, platform, url, order_index) VALUES ('bb3d52a4-f4de-4863-9712-a11938d4f4ee', 'dbb0cf67-5a55-4beb-bec7-244c725e9217', 'Merge Intervals with Cost', 'Medium', 'GFG', 'https://www.geeksforgeeks.org/problems/matrix-chain-multiplication0303/1', 2);
INSERT INTO public.problems (id, pattern_id, title, difficulty, platform, url, order_index) VALUES ('454bdac4-261b-4123-9593-58667fc57b6e', 'dbb0cf67-5a55-4beb-bec7-244c725e9217', 'Burst Balloons', 'Hard', 'LeetCode', 'https://leetcode.com/problems/burst-balloons/', 3);
INSERT INTO public.problems (id, pattern_id, title, difficulty, platform, url, order_index) VALUES ('45d52aa2-e25b-4d81-82b6-3ab3c9e4565f', 'dbb0cf67-5a55-4beb-bec7-244c725e9217', 'Minimum Cost to Merge Stones', 'Hard', 'LeetCode', 'https://leetcode.com/problems/minimum-cost-to-merge-stones/', 4);
INSERT INTO public.problems (id, pattern_id, title, difficulty, platform, url, order_index) VALUES ('affcac5b-b19f-4d7d-a527-afef84c95ce9', 'dbb0cf67-5a55-4beb-bec7-244c725e9217', 'Minimum Cost to Cut a Stick', 'Hard', 'LeetCode', 'https://leetcode.com/problems/minimum-cost-to-cut-a-stick/description/', 5);
INSERT INTO public.problems (id, pattern_id, title, difficulty, platform, url, order_index) VALUES ('9a4e87c3-a11c-491f-b2ee-6ad3dc724504', 'dbb0cf67-5a55-4beb-bec7-244c725e9217', 'Evaluate Expression to True (Boolean Parenthesization)', 'Hard', 'GFG', 'https://www.geeksforgeeks.org/problems/boolean-parenthesization5610/1', 6);
INSERT INTO public.problems (id, pattern_id, title, difficulty, platform, url, order_index) VALUES ('f69e9f9f-ac55-4123-8b60-1809f72ba0a7', '2b126bb5-18e1-41c7-8252-3354b547928a', 'Diameter of Binary Tree', 'Medium', 'LeetCode', 'https://leetcode.com/problems/diameter-of-binary-tree/description/', 1);
INSERT INTO public.problems (id, pattern_id, title, difficulty, platform, url, order_index) VALUES ('018e6a70-c90a-420c-a34e-5134f00f74d7', '2b126bb5-18e1-41c7-8252-3354b547928a', 'House Robber III', 'Medium', 'LeetCode', 'https://leetcode.com/problems/house-robber-iii/', 2);
INSERT INTO public.problems (id, pattern_id, title, difficulty, platform, url, order_index) VALUES ('754f51ca-f2c4-41b4-b533-cf5e1238edcd', '2b126bb5-18e1-41c7-8252-3354b547928a', 'Path Sum III', 'Medium', 'LeetCode', 'https://leetcode.com/problems/path-sum-iii/description/', 3);
INSERT INTO public.problems (id, pattern_id, title, difficulty, platform, url, order_index) VALUES ('46af8881-3aaf-4e51-ba4c-e43a5a396170', '2b126bb5-18e1-41c7-8252-3354b547928a', 'Binary Tree Maximum Path Sum', 'Hard', 'LeetCode', 'https://leetcode.com/problems/binary-tree-maximum-path-sum/', 4);
INSERT INTO public.problems (id, pattern_id, title, difficulty, platform, url, order_index) VALUES ('eef56f53-ed6d-4588-bd1e-1cbd1bbcbae7', '2b126bb5-18e1-41c7-8252-3354b547928a', 'Maximum Sum BST in Binary Tree', 'Hard', 'LeetCode', 'https://leetcode.com/problems/maximum-sum-bst-in-binary-tree/', 5);
INSERT INTO public.problems (id, pattern_id, title, difficulty, platform, url, order_index) VALUES ('38255f70-f65b-4aa0-88b1-6d8da3a2b971', '2b126bb5-18e1-41c7-8252-3354b547928a', 'Binary Tree Cameras', 'Hard', 'LeetCode', 'https://leetcode.com/problems/binary-tree-cameras/', 6);
INSERT INTO public.problems (id, pattern_id, title, difficulty, platform, url, order_index) VALUES ('69598a74-2358-4904-941c-681b56cfe4c0', '9dfa971c-84ea-4fdf-9305-be34450412db', '0-1 Knapsack', 'Medium', 'GFG', 'https://www.geeksforgeeks.org/0-1-knapsack-problem-dp-10/', 1);
INSERT INTO public.problems (id, pattern_id, title, difficulty, platform, url, order_index) VALUES ('678f6c32-0533-4116-8638-ce22022a292a', '9dfa971c-84ea-4fdf-9305-be34450412db', 'Partition Equal Subset Sum', 'Medium', 'LeetCode', 'https://leetcode.com/problems/partition-equal-subset-sum/', 2);
INSERT INTO public.problems (id, pattern_id, title, difficulty, platform, url, order_index) VALUES ('3d7e4bcc-0e64-4935-b634-c09bdd072980', '9dfa971c-84ea-4fdf-9305-be34450412db', 'Partition with Given Difference', 'Medium', 'GFG', 'https://www.geeksforgeeks.org/problems/partitions-with-given-difference/1', 3);
INSERT INTO public.problems (id, pattern_id, title, difficulty, platform, url, order_index) VALUES ('2bef1569-7ef1-4660-b3a6-a2496605c79b', '9dfa971c-84ea-4fdf-9305-be34450412db', 'Coin Change', 'Medium', 'LeetCode', 'https://leetcode.com/problems/coin-change/', 4);
INSERT INTO public.problems (id, pattern_id, title, difficulty, platform, url, order_index) VALUES ('0b8baa13-cf65-48c0-b068-59ad4028637c', '9dfa971c-84ea-4fdf-9305-be34450412db', 'Coin Change II', 'Medium', 'LeetCode', 'https://leetcode.com/problems/coin-change-ii/description/', 5);
INSERT INTO public.problems (id, pattern_id, title, difficulty, platform, url, order_index) VALUES ('4b319764-5a58-4d13-a580-59e61a04db97', '9dfa971c-84ea-4fdf-9305-be34450412db', 'Target Sum', 'Medium', 'LeetCode', 'https://leetcode.com/problems/target-sum/', 6);
INSERT INTO public.problems (id, pattern_id, title, difficulty, platform, url, order_index) VALUES ('5c4efba9-ff67-40ea-9c75-5f1060bc02a9', '9dfa971c-84ea-4fdf-9305-be34450412db', 'Subset Sum', 'Medium', 'GFG', 'https://www.geeksforgeeks.org/problems/subset-sum-problem-1611555638/1', 7);
INSERT INTO public.problems (id, pattern_id, title, difficulty, platform, url, order_index) VALUES ('e47b44ac-9490-48a3-993c-f83b8ac2f020', '9dfa971c-84ea-4fdf-9305-be34450412db', 'Combination Sum IV', 'Medium', 'GFG', 'https://www.geeksforgeeks.org/problems/4-combination-sum/1', 8);
INSERT INTO public.problems (id, pattern_id, title, difficulty, platform, url, order_index) VALUES ('44751918-519e-4c32-8e58-bc68543e19fa', 'c84fd674-4b16-4f81-9718-7ba204633dc2', 'Best Time to Buy and Sell Stock', 'Easy', 'LeetCode', 'https://leetcode.com/problems/best-time-to-buy-and-sell-stock/', 1);
INSERT INTO public.problems (id, pattern_id, title, difficulty, platform, url, order_index) VALUES ('734c02f3-1a6b-4bff-a89e-175c5df72a7d', 'c84fd674-4b16-4f81-9718-7ba204633dc2', 'Best Time to Buy and Sell Stock II', 'Medium', 'LeetCode', 'https://leetcode.com/problems/best-time-to-buy-and-sell-stock-ii/', 2);
INSERT INTO public.problems (id, pattern_id, title, difficulty, platform, url, order_index) VALUES ('b42b48dc-ffb4-4a7f-b2f5-9531575e323d', 'c84fd674-4b16-4f81-9718-7ba204633dc2', 'Best Time to Buy and Sell Stock with Cooldown', 'Medium', 'LeetCode', 'https://leetcode.com/problems/best-time-to-buy-and-sell-stock-with-cooldown/', 3);
INSERT INTO public.problems (id, pattern_id, title, difficulty, platform, url, order_index) VALUES ('6a0ad109-9ec6-4e1f-8eb7-a0b7df54d5c6', 'c84fd674-4b16-4f81-9718-7ba204633dc2', 'Best Time to Buy and Sell Stock with Transaction Fee', 'Medium', 'LeetCode', 'https://leetcode.com/problems/best-time-to-buy-and-sell-stock-with-transaction-fee/', 4);
INSERT INTO public.problems (id, pattern_id, title, difficulty, platform, url, order_index) VALUES ('30ce7c31-5f5c-49e8-af2b-5eff03f5585f', 'c84fd674-4b16-4f81-9718-7ba204633dc2', 'Best Time to Buy and Sell Stock III', 'Hard', 'LeetCode', 'https://leetcode.com/problems/best-time-to-buy-and-sell-stock-iii/', 5);
INSERT INTO public.problems (id, pattern_id, title, difficulty, platform, url, order_index) VALUES ('141d446e-1ec0-4eab-ae92-3021aad7607d', 'c84fd674-4b16-4f81-9718-7ba204633dc2', 'Best Time to Buy and Sell Stock IV', 'Hard', 'LeetCode', 'https://leetcode.com/problems/best-time-to-buy-and-sell-stock-iv/', 6);
INSERT INTO public.problems (id, pattern_id, title, difficulty, platform, url, order_index) VALUES ('c10a986a-2e98-4774-9958-ca2530e90452', '5becfd54-23bb-487d-b18c-2e4008dabf95', 'Implement Trie (Prefix Tree)', 'Medium', 'LeetCode', 'https://leetcode.com/problems/implement-trie-prefix-tree/', 1);
INSERT INTO public.problems (id, pattern_id, title, difficulty, platform, url, order_index) VALUES ('3e2af715-70b8-4383-a9eb-022c75e6b616', '5becfd54-23bb-487d-b18c-2e4008dabf95', 'Add and Search Word', 'Medium', 'LeetCode', 'https://leetcode.com/problems/add-and-search-word-data-structure-design/', 2);
INSERT INTO public.problems (id, pattern_id, title, difficulty, platform, url, order_index) VALUES ('cf46d5a8-f7ec-4278-9900-f5f68d855c58', '5becfd54-23bb-487d-b18c-2e4008dabf95', 'Longest Common Prefix', 'Medium', 'LeetCode', 'https://leetcode.com/problems/longest-common-prefix/description/', 3);
INSERT INTO public.problems (id, pattern_id, title, difficulty, platform, url, order_index) VALUES ('513ae98e-180e-407a-a49d-9a2e204cf7e8', '5becfd54-23bb-487d-b18c-2e4008dabf95', 'Longest Word in Dictionary', 'Medium', 'LeetCode', 'https://leetcode.com/problems/longest-word-in-dictionary/description/', 4);
INSERT INTO public.problems (id, pattern_id, title, difficulty, platform, url, order_index) VALUES ('82261a48-e0e4-43e0-b608-c5b68bf16a16', '5becfd54-23bb-487d-b18c-2e4008dabf95', 'Search Suggestions System', 'Medium', 'LeetCode', 'https://leetcode.com/problems/search-suggestions-system/', 5);
INSERT INTO public.problems (id, pattern_id, title, difficulty, platform, url, order_index) VALUES ('0b6de4b3-2131-46c1-abc4-86daf58a0f72', 'ab46d45b-1954-42b5-9b85-a41d4451da31', 'Word Break', 'Medium', 'LeetCode', 'https://leetcode.com/problems/word-break/', 1);
INSERT INTO public.problems (id, pattern_id, title, difficulty, platform, url, order_index) VALUES ('125d1759-39cd-4c79-8756-c8a2e2961195', 'ab46d45b-1954-42b5-9b85-a41d4451da31', 'Replace Words', 'Medium', 'LeetCode', 'https://leetcode.com/problems/replace-words/', 2);
INSERT INTO public.problems (id, pattern_id, title, difficulty, platform, url, order_index) VALUES ('6afdca94-475a-4a6a-a5dc-0b2004813c2e', 'ab46d45b-1954-42b5-9b85-a41d4451da31', 'Word Break II', 'Hard', 'LeetCode', 'https://leetcode.com/problems/word-break-ii/description/', 3);
INSERT INTO public.problems (id, pattern_id, title, difficulty, platform, url, order_index) VALUES ('23341192-cfb5-4436-98f3-ac0349681c6e', 'ab46d45b-1954-42b5-9b85-a41d4451da31', 'Concatenated Words', 'Hard', 'LeetCode', 'https://leetcode.com/problems/concatenated-words/', 4);
INSERT INTO public.problems (id, pattern_id, title, difficulty, platform, url, order_index) VALUES ('e2cd2403-8600-4e93-a4b6-93fd7a993225', '0db7f061-f596-4a7c-acb5-4ec0fefa4d7f', 'Maximum XOR of Two Numbers in Array', 'Medium', 'LeetCode', 'https://leetcode.com/problems/maximum-xor-of-two-numbers-in-an-array/description/', 1);
INSERT INTO public.problems (id, pattern_id, title, difficulty, platform, url, order_index) VALUES ('85dd4ae2-ea86-468e-8273-a855219758dd', '0db7f061-f596-4a7c-acb5-4ec0fefa4d7f', 'Bit Manipulation / Subset XOR Problems', 'Medium', 'LeetCode', 'https://leetcode.com/problems/sum-of-all-subset-xor-totals/', 2);
INSERT INTO public.problems (id, pattern_id, title, difficulty, platform, url, order_index) VALUES ('f6eeb22d-437b-4089-ba97-143c5f2899f3', '0db7f061-f596-4a7c-acb5-4ec0fefa4d7f', 'Maximum XOR With an Element From Array', 'Hard', 'LeetCode', 'https://leetcode.com/problems/maximum-xor-with-an-element-from-array/', 3);
INSERT INTO public.problems (id, pattern_id, title, difficulty, platform, url, order_index) VALUES ('6e76b85c-1e66-40ab-95cb-ca775fb3d6b0', '446dd202-5d0f-4d28-869c-0f2fb110c6ac', 'Missing Number', 'Easy', 'LeetCode', 'https://leetcode.com/problems/missing-number/', 1);
INSERT INTO public.problems (id, pattern_id, title, difficulty, platform, url, order_index) VALUES ('e3f00351-d0ab-4bd5-8368-5e3d0d142cef', '446dd202-5d0f-4d28-869c-0f2fb110c6ac', 'Number of 1 Bits / Hamming Weight', 'Easy', 'LeetCode', 'https://leetcode.com/problems/number-of-1-bits/description/', 2);
INSERT INTO public.problems (id, pattern_id, title, difficulty, platform, url, order_index) VALUES ('ea6666ca-147b-467a-a256-8dbaff4eda26', '446dd202-5d0f-4d28-869c-0f2fb110c6ac', 'Alternating Bits', 'Easy', 'LeetCode', 'https://leetcode.com/problems/binary-number-with-alternating-bits/description/', 3);
INSERT INTO public.problems (id, pattern_id, title, difficulty, platform, url, order_index) VALUES ('7dadaf24-79f1-4145-afca-a22b90be59bf', '446dd202-5d0f-4d28-869c-0f2fb110c6ac', 'Check kth Bit is Set or Not', 'Easy', 'GFG', 'https://www.geeksforgeeks.org/problems/check-whether-k-th-bit-is-set-or-not-1587115620/1', 4);
INSERT INTO public.problems (id, pattern_id, title, difficulty, platform, url, order_index) VALUES ('7a400388-bf0c-42cb-9f1a-869e09189d0b', '446dd202-5d0f-4d28-869c-0f2fb110c6ac', 'Power of Two', 'Easy', 'LeetCode', 'https://leetcode.com/problems/power-of-two/description/', 5);
INSERT INTO public.problems (id, pattern_id, title, difficulty, platform, url, order_index) VALUES ('96255df4-b44b-4d85-8cf0-fe31e2d349c5', '446dd202-5d0f-4d28-869c-0f2fb110c6ac', 'Single Number', 'Easy', 'LeetCode', 'https://leetcode.com/problems/single-number/', 6);
INSERT INTO public.problems (id, pattern_id, title, difficulty, platform, url, order_index) VALUES ('cffafc49-fc69-4213-a4af-f25d180a3915', '446dd202-5d0f-4d28-869c-0f2fb110c6ac', 'Unique Numbers II', 'Medium', 'GFG', 'https://www.geeksforgeeks.org/problems/finding-the-numbers0215/1', 7);
INSERT INTO public.problems (id, pattern_id, title, difficulty, platform, url, order_index) VALUES ('25dbd4bb-d6d9-4140-9335-dd790dcf3838', '446dd202-5d0f-4d28-869c-0f2fb110c6ac', 'Single Number II', 'Medium', 'LeetCode', 'https://leetcode.com/problems/single-number-ii/', 8);
INSERT INTO public.problems (id, pattern_id, title, difficulty, platform, url, order_index) VALUES ('822dd51a-71ff-4631-9fab-451768a40f2f', '446dd202-5d0f-4d28-869c-0f2fb110c6ac', 'Single Number III', 'Medium', 'LeetCode', 'https://leetcode.com/problems/single-number-iii/description/', 9);
INSERT INTO public.problems (id, pattern_id, title, difficulty, platform, url, order_index) VALUES ('c71216c6-4e5a-4740-b067-e082d82a0a37', '9210f540-58a5-42be-a7e8-c8d79143f1fd', 'Subsets', 'Medium', 'LeetCode', 'https://leetcode.com/problems/subsets/', 1);
INSERT INTO public.problems (id, pattern_id, title, difficulty, platform, url, order_index) VALUES ('c4c261a3-4415-4e1e-97ac-13cf0184222b', '9210f540-58a5-42be-a7e8-c8d79143f1fd', 'Subsets II', 'Medium', 'LeetCode', 'https://leetcode.com/problems/subsets-ii/', 2);
INSERT INTO public.problems (id, pattern_id, title, difficulty, platform, url, order_index) VALUES ('4bf5a0e4-19e7-46dc-87d8-f8522177d4fc', '9210f540-58a5-42be-a7e8-c8d79143f1fd', 'Partition to K Equal Sum Subsets', 'Medium', 'LeetCode', 'https://leetcode.com/problems/partition-to-k-equal-sum-subsets/', 3);
INSERT INTO public.problems (id, pattern_id, title, difficulty, platform, url, order_index) VALUES ('6e41586d-3694-4615-9880-3d1b8d0fd51c', 'bf782e1c-12b5-48ec-b1d1-4ffee7903363', 'Sum of Subset XOR Totals', 'Easy', 'LeetCode', 'https://leetcode.com/problems/sum-of-all-subset-xor-totals/', 1);
INSERT INTO public.problems (id, pattern_id, title, difficulty, platform, url, order_index) VALUES ('c2a92b69-1421-4415-a287-4bb9572520ad', 'bf782e1c-12b5-48ec-b1d1-4ffee7903363', 'Maximum XOR of Two Numbers in Array', 'Medium', 'LeetCode', 'https://leetcode.com/problems/maximum-xor-of-two-numbers-in-an-array/description/', 2);
INSERT INTO public.problems (id, pattern_id, title, difficulty, platform, url, order_index) VALUES ('533fe990-2ea9-4db2-8612-55b9e3976393', 'bf782e1c-12b5-48ec-b1d1-4ffee7903363', 'Subarray XOR Queries / K-th XOR', 'Medium', 'LeetCode', 'https://leetcode.com/problems/xor-queries-of-a-subarray/description/', 3);
INSERT INTO public.problems (id, pattern_id, title, difficulty, platform, url, order_index) VALUES ('a9858d01-28dc-4583-8b6a-a3c93a71a985', 'bf782e1c-12b5-48ec-b1d1-4ffee7903363', 'Maximum XOR With an Element From Array', 'Hard', 'LeetCode', 'https://leetcode.com/problems/maximum-xor-with-an-element-from-array/', 4);
